"item","agree","agree_but","disagree","notes"
"purpose",93,16,1,"a network or a set of networks
(or network(s) as used later in the guidelines)

=====

If the network data have been ""formally"" published, e.g., in a paper on a scientific data journal or venue, AND if the network data description in said paper includes a report following these guidelines, then it should be enough to quote the published paper

=====

The focus is on scientific articles, but I think longer pieces - such as monographs - might be worth taking into account. If one network is used throughout the book, should it be reintroduced in each chapter?
The role of 'optional' in citation is also unclear; whether it is mandatory if it applies, or if it is up to the researcher. Citation should always be mandatory if applicable.

=====

I somehow object the ""minimum"" and ""always"" which sounds to me more like a religious commandment rather than scientific practice. We cannot know whether in some circumstances (other than the ""if"" conditions in the guidelines) it may be well justified not to report some item (perhaps simply because it is meaningless in that particular circumstance). The framing with ""minimum"" and ""always"" sounds like it could lead to a mechanical rejection of a manuscript that fails to report one of these items - without looking at whether it might be justifiable in the given situation. It's similar about the ""even if the data has been described elsewhere"". There are papers analyzing dozens of well-known network data sets with a new method. Should these papers put readers to sleep (and wasting space) by reporting for all these networks all the mandatory items which have been well reported in other papers?
I highly recommend to better clarify in the ""preamble"" that deviations from the guidelines may be well justifiable (if they are justifiable). 

=====

Always is a lot--there may be some helpful things that are not ""always"" but are still very helpful.

=====

The purpose is clear, but I am wondering if ALL the information in the guidelines ALWAYS needs to be reported. Is this really the minimum set of metrics / info, that is relevant, or would a subset do as well? I'm also wondering if there is some easy way ""filter"" the guidelines, before downloading. E.g. when I'm working with a multimode / multiplex network / signed / egonetwork, then I can filter accordingly. This would reduce the number of IF cases people would have to go through, when working with rather simple networks.

=====

The purpose could also briefly emphasise that the guidelines apply across different forms of network data collection and aim to ensure transparency in how network datasets are generated and interpreted.

=====

I believe that while the main purpose of this guide is to offer clear guidelines for reporting the information that should always appear in a scientific article, these instructions should be equally applicable to any scientific document (book chapters, research reports) and only to articles that you aspire to be published in scientific journals.

=====

The purpose is clear but I find the underlining confusing.  I think you mean to highlight the ""essentials"" but underline (I know, not in black) often means a link to novices.  Maybe switch to italics bolded or assume that even the most neanderthal  reader will read the first SHORT page.

=====

I suggest that it be clarified that the guidelines also provide some optional reporting fields.

=====

The word always seems redundant since we are talking about minimum information. When it says elsewhere, does it mean in the paper? In a website that would be used as a reference, or in a paper cited?

=====

I would remove ""always""; it sounds a bit too authoritative.

=====

I think it may make a difference if the purpose of the work is to analyze network data or to present an algorithm for performing network analysis. In the latter case, the information could potentially be less detailed. Thus, ""minimum"" and ""always"" need to be seen in perspective.

=====

The use of 'always' in this framing suggests that the work would be undermined by the lack of the details. However, the details as presented may not be meaningful for a number of studies. I will have more details in the survey responses, but in general this work implies that these details are always meaningful and widely legitimate. Yet, many of the cases appear to be appeasing more complex work and filtering out. For example, reporting the mode / plex of the data seems like it is not a minimum for a single mode study as that would be implied. To that end, some of these points are a bit of overreach. 

=====

I would add a few lines about hoped-for benefits of expending the energy to follow the guidlines

=====

I think that the current language provides some room for researchers to not disclose some of the information (which I think is OK, depending on the situation). Nonetheless, I think the guidelines would be better if they explicitly marked what pieces of information should ALWAYS be shared. For instance, the funding sources of the data, the size of the network, the type of data (survey or synthetic), etc. I do not have a list in mind of things that should be required always, but I think it is worth doing the exercise. Right now, the standard includes a lot of information that may be too much for some datum, so it is a good idea, IMO, to clarify this part.

=====

The statement is clear as it is, but I get the impression that the requirement for what always should be reported has become quite extensive. Are all these items really necessary? For instance: I understand that you would like a ""check sum or 'sanity check'"" (7.2), but that is a different purpose than just providing the bare minimum of information. You might have to kill some of your darlings at this point. 
As an alternative, you could have two different standards: one for datasets that are publicly shared (and those interested thus can go and calculate things for themselves) and one for dataset that cannot be publicly shared, where the audience might need more information to understand the data and assess its validity. "
"style",99,10,1,"Having an overview of the content on the first page would be helpful. 

=====

I personally don't favor long documents with sans serif typographies. I'd rather use a serif one (admittedly this is idiosyncratic)

=====

The font is small in the notes section. Do you need to include as many details as you provide in ""notes""? Also, this is a personal preference, but I find the font style a bit difficult to read, especially when bolded

=====

Yes, but as I said before, maybe some type of digital filter would help to reduce the guidelines to the aspects that are relevant for the specific case.

=====

The guidelines could be slightly improved by introducing clearer visual structuring, such as more consistent section headings or additional spacing between sections, to make it easier to navigate the different categories of reporting items.

=====

Think there are so many queries. Most of them can be no completelly needed.

=====

Overall, the format is clear and has improved significantly in this second version. However, I believe the guide would be enhanced by incorporating graphs to illustrate, for example, the differences between an egocentric and a sociocentric network. After all, visual representation is a central element of the ANS and could improve the clarity of this guide.

=====

Technically, beyond black and white, the guidelines are also presented in greyscale.

=====

The font size in the Notes column is too small (even at 200%).

=====

The formatting is a very long list of specific details, without a specific guided example for studies. It now is an extremely long document and takes a more high-recall approach to cover all bases. I would prefer a stepped document and again disagree that this constitutes the minimum. It's more like ""things to consider"". 

Take for example the notes about a 'weighted' graph: this is merely a graph with edge attributes. To refer to them as a weighting already is doing a lot of analytical work that would be specific to the task. It does not prescribe when but instead the notes define what a weighting is, which itself might not be sufficient given a context. 

At the same time, there was little detail on how the data was collected that would be expected of a minimum viable graph and it is also a bit contradictory. In the methods it states: ""OPTIONAL: Provide a detailed description of the data collection
methods, including (as applicable): how the network’s bounded was defined, how
participants were recruited, the modality and procedures of data collection, and
the exact wording of the question(s) used to collect data."" Yet, there is another section under nodes that says boundaries: ""Report whether the set of nodes that should be included in the network was bounded by responses to a name generator question (ego network), by an a priori list (bounded whole network), or was not bounded (unbounded whole network)."" 

So - is it optional or mandatory? Boundaries do not make sense in most cases for synthetic graphs. 

=====

The title for the ""notes"" column looks smaller than the other column headings (maybe it's just my computer?), but it would look more balanced if the headers all used the same size font."
"notes",82,28,0,"1. How about defining “pre-analysis transformations” with some examples (e.g., dichotomizing/thresholding ties, symmetrizing directed ties, aggregating across time, removing isolates)?
2. How about specifying what “unknown” means in practice: “If unknown, report ‘unknown’ and briefly state why (not collected, lost, restricted access, etc.)?

=====

It's about the first point: ""These guidelines should be used to describe the final network(s) upon which analyses are performed, after any pre-analysis transformations have been applied.""
While it is important to know the final networks it is also important to know how the final network was constructed from earlier versions (raw, unfiltered, before preprocessing) of the data. For example, how many nodes/edges have been dropped due to preprocessing steps. This is somehow required in Points 4 and 6.4 but I think it should be stated earlier.

=====

These guidelines work well for training young researchers. They provide an overview of network data types and what researchers should consider in their research design. In this regard, the figure included in the previous version, which helped identify the network type (hypergraph, egonetwork, full network), was very useful, at least for training purposes.

=====

This statement  The items should be reported somewhere in the main text of a manuscript, typically in the methods section. Alternatively, they may be summarized in a table. - some journals require this material to be in an appendix - so change to  The items should be reported somewhere in the text of a manuscript, in the appropriate section or appendix as directed by the journal. ...

=====

Is the emphasis on ""final network"" accurate? In the pdf you correctly indicate that authors should describe transformations that were performed on the raw data. The first bullet potentially signals that the author doesn't need to document these changes. Maybe drop the bit ""after any pre-analysis transformations have been applied"" and add a second bullet that the guidelines also identify key transformation choices that should be included (e.g., symmetrization, missing data)

=====

Some journals still have space constraints for main texts, so the information can be added as an appendix (online), or in some repository, such as OSF.

=====

My minor comment pertains to the following bullet:

If a manuscript reports on a multi-wave longitudinal network, a set of ego networks, or a set of networks all representing the same kind of system, these can be described together as a single network dataset (see 1.2). However, if a manuscript reports on a set of networks that each represent different types of systems, each unique network should be described separately using these guidelines.

I'd add an brief parenthetical example of ""a set of networks all representing the same kind of system"" and ""a set of networks that each represent different types of systems"" just so that it is clear what is meant here. 



=====

""These guidelines should be used to describe the final network(s) upon which analyses are performed, after any pre-analysis transformations have been applied."" That's a bit strange because in #6 the guidelines are specifically asking for these transformations.

""The items should be reported somewhere in the main text of a manuscript, typically in the methods section. Alternatively, they may be summarized in a table."" Would it make sense to provide some simple examples, text or table that people can adapt accordingly? 

""multi-wave longitudinal network"" Why call it multi-wave longitudinal, and not simply longitudinal network? multi-wave would be a specific sub-case of longitudinal, but the ""waves"" are then very prominent in the descriptions / notes..

=====

The explanatory notes are clear. As a minor improvement, the notes could be slightly condensed or formatted as a numbered list to make them easier to scan quickly.

=====

I would weaken the request to report the items in the main text. This is ideal, but there may be instances (e.g. word limits) that require moving them to an online supplement. We could request that they should ideally be reported in the main text and if not, it should be explained in the main text where the items can be found.

=====

There are downstream benefits to having a complete table provided by authors in appendices (e.g., meta-analysis). However, I don't think this information should be required in the main body of a manuscript. Analyses vary too widely, and authors are likely to put in what they find useful, and exclude the rest for space/tone. 

Alternatively, a data page with the indicated information (not necessarily the data itself) could be required for publication, but hosted elsewhere. 

=====

“The items should be reported somewhere in the main text of a manuscript, typically in the methods section. Alternatively, they may be summarized in a table.” 
This report can be quite long. Could it be proposed in an Appendix instead of in the text, as suggested?

=====

I would publish these guidelines in a scientific paper (open access), so that people can simply cite them as reference. If there is financial possibility, the same paper can be also accessed through a dedicated web site

=====

I actually do not have a problem with these..but to follow on my earlier comment, the way this is formatted looks better for some reasons and is less confusing about the underline.  

=====

In the ""The items should be reported somewhere in the main text of a manuscript, typically in the methods section. Alternatively, they may be summarized in a table."" Sometimes some humanities journals used a lot the foot notes, maybe for that people could be a good idea to add: ""The items should be reported somewhere in the main text of a manuscript, typically in the methods section. Alternatively, they may be summarized in a table or footnote.""

=====

I would clarify if these items should be reported in the main text or if a supplemental appendix is also acceptable.

=====

The first question in this survey stated that all requirements are mandatory; however, these instructions are appropriately more forgiving, depending on the specific network(s) being analyzed. Be consistent about language regarding which information is mandatory to be provided in all cases vs. suggested to be included, as possible.

=====

I am not sure 100% that the distinction ""common network data"" vs ""unique cases"" is straightforward. Indeed, what is common and what is unique can be quite relative. Perhaps it is worth to rephrase by saying that: i) all items in the guidelines should be covered as much as possible as, together, they provide a golden standard for reporting network data; ii) authors should include/add any other specification/item that is necessary to provide complete info on the networks they use in their study.
in my opinion, rephrasing along these lines would read like a clearer invitation to follow these guidelines also for those that have not been trained explcitily in SNA (perhaps coming from other disciplines) and may not share the same standards with respect to what is ""common"" in this domain.

=====

""describe the final network(s) upon which analyses are performed"" This is slightly unclear, as later in the guide you ask to report (correctly) on any data transformation i.e. symmetrizing of dichotomizing. Can you give examples of pre-analysis that can be discarded?
""The items should be reported somewhere in the main text of a manuscript, typically in the methods section. Alternatively, they may be summarized in a table"" or in Supplement files available with the main text (for journals that publish very short articles some of the descriptive can go in the SF).

=====

In section 7.2 I was wondering whether connectivity ought to include not only a measure for cohesion (e.g. mean degree or edge density), but also spread or skewness (e.g. standard deviation or degree centralization). STEM network scientists I believe see most/all networks as skewed (power law) but this is not always the case in social science - as a highly connected network with low skewness (so even distribution of ties) can occur in certain research settings/contexts. 

=====

I presented these guidelines and there was some confusion on what was meant by ""different types of systems. "" A quick example would help. 

=====

Item 2 is confusing (Is the Table in the Appendix? Can the Table be anywhere in the manuscript (""insert here"" specification)? What about all of the people who put footnotes that say ""Go see our OSF"" (I hate this, by the way)? Will they think that this is reporting? Maybe be explicit that Footnotes/Endnotes/Links away from the single manuscript body fail these guidelines.

=====

The second to last point seems rather specific. And ""multi-wave longitudinal"" is also rather survey-style-research specific framing. It's also mentioned in the numbered section itself, so I am not sure why it is here as well.

=====

1. The notes say this is about the ""networks upon which analyses are performed"", it might be good to say whether this apply to network data that are used as inpendent variables in the analyses (e.g., imagine you estimate an ERGM on a network X including the effect of another ""exogenous"" network Y). The phrasing was sligthly ambiguous to me.

2. Following the previous point, you could clarify that these guidelines do not concern the reporting of node (or edge) attributes.

3. The notes mention these information should be put in the main text of the article. That may be too restrictive. As an extreme example, the format of the article may be very short and the analyses concern multiple networks (in particular if this is a meta analysis). In some cases, I fear some of these will have to go to the appendix.

=====

""describe the final network(s) upon which analyses are performed, after any pre-analysis transformations have been applied."" 

""These guidelines are designed to apply to many common types of network data, however authors may need to adapt the guidelines to accommodate unique cases."" 
- Then it's not really clear what mandatory should be. The use of terms like ""always"" with phrases like this really end up making this too ambiguous for my tastes. 
- Was this a compromise based on past feedback? It conflates the methodological issues with collection / cleaning / analysis. For example, if the edges were collected through 9 different edge generators and merged into a single edge, this would still appear to be important given the edge collection pages. 


The purpose also does not suggest _why_ this is the purpose. If the purpose is methodological robustness, then doing this on the transformed data misses steps required to appreciate what was or wasn't included. 

""If a manuscript reports on a multi-wave longitudinal network, a set of ego networks, or a set of networks all representing the same kind of system, these can be described together as a single network dataset (see 1.2). However, if a manuscript reports on a set of networks that each represent different types of systems, each unique network should be described separately using these guidelines."" 
- It would be nice to see this in practice. Describing it in terms of systems rather than in terms of nodes and their relations does seem a bit too vague for the tone. 

=====

I like the idea of having a table summarizing the data. For the amount of information that is expected from the researchers, I think it would be better to ask them explicitly to fill out a table and share it with the manuscript (appendix). Creating the table itself can be a nice exercise to get some of the information that is more relevant to expose directly in the main manuscript. For instance, the number of components is not something that SNA sees as very relevant, so yes, while it is a nice piece of information, it may not be useful for the target audience of an SNA paper. Yet, releasing the piece of information as part of the manuscript would still help standardize data communication.

=====

I still have a difficulties wrapping my head around what reporting ""as a single network dataset"" vs. ""described separately"" in practice means, especially as might not always be obvious whether two networks describe the same kind of system or not: is a country before and after a revolution the same system? The same ""type of system""? So in practice, those applying the rules will make their own judgement call. Maybe just drop the second sentence in his bullet point.

=====

Sometimes there may be mutiple stages of a network data structure (observed RDS data is sampled, network parameters are estimated, a synthetic model is simulated ERGM). These are probably covered in the (""each unique network should be described separately using these guidelines"") guideline? But we could probably be make it more explicit that transformations multiple network observations/generations/simulations can occur outside longitudinal frames."
"source",90,17,2,"This item and item 4.1 Method are somewhat redundant. It could be merged into one item.

=====

Is this a hierarchy of information, e.g. observed > direct > survey? If so, what needs to be reported: just ""survey"", or does one also need to declare ""observed"" and ""direct""?

=====

I am unclear how to incorporate this, but if data are synthetic but based on real data, e.g., ERGM-generated from a summary of observed data, this might be worth having as a category of its own. Or maybe this can be covered within 4.1? 

=====

Exchange the name with Item 1.6.

=====

The guideline is clear. As a minor suggestion, the notes could briefly clarify that data compiled from publicly available organisational sources, such as websites or institutional records, are considered observed data collected through indirect or archival methods.

=====

It shouldn’t be the first item. As a potential user and as a network scientist, one can already get a rough sense of whether a network is interesting simply by knowing what the nodes represent and what the links represent, and then how many nodes and how many links there are. The source is important, but it shouldn’t be the first thing a user encounters.

=====

For networks with partially imputed data, the source of the original network (pre-imputation) should be reported as either observed or synthetic.

=====

Archival data are still a matter of observation, old archives need to be transcribed and translated and before they are validated by historians have some source of error as ""directly observed"" data.

=====

Specify if datasets combining observed and synthetic elements (e.g., augmented networks) should be reported as mixed.

=====

I would suggest that the guidelines request details of the data source, beyond this binary distinction

=====

It might be good to also state that the algorithm/formula/etc. used to generate the data should be specified or reported. Alternatively, a note could be added to point the reader to 4.1.

=====

I am not sure ""Observed"" is the word I would use VS Synthetic. In the literature it is used VS ""reported"" to test informant accuracy. Maybe empirical would work better? I don't have a better term, so if you do not have it either ""observed"" would do

=====

It is unnecessary and bureaucratic

=====

If synthetic, report how the data were generated.

=====

1. ""Observed"" data is confusing.
In particular the direct and indirect definitions and how they relate to ""observed.""
I would call these: Organic vs. Synthetic or Real-World vs. Synthetic
The word ""observed"" does not align so well with trace. 

2. What do you mean by ""archival"" 
This doesn't matter for the source - This (temporal) aspect will be collected in ""Date"" anyway.

3. ""simulation""
I would make it clearer: computer simulation

4. ""Source"" 
I would use 'source' for what you are calling now ""Citation,"" and make this one ""Provenance"" or ""Mode""

=====

Maybe here or elsewhere, but synthetic data can be done in a variety of ways, some of which simply for bootstrapping or comparison to real data and some are just testing a feature. Where the synthetic data is based on parameters from real data that should be stipulated. But I feel we must be careful insofar as this would otherwise end up with overreach since many cases such as ERGMs would implicitly be generating synthetic data but not have them perceived as such since they are used for parameter estimation.

=====

some may wonder whether this is place to mention some ties were imputed

=====

Guideline would be clearer via: ""...data are observed directly, observed indirectly, or synthetic""

=====

There may be instances where observed and binary don't easily dichotomize as generation mechanisms? Or, perhaps, in some cases ""synthetic"" may be too broad a classification? . For instance, A network simulated from an ERGM fitted to data and a network generated from a Watts-Strogatz model with scaling parameters are both ""synthetic."" But they differ in how the generating process is empirically grounded. "
"multiple",77,29,4,"I'm not sure if, for instance, multiplex or multilayer networks could be noted here as an example of multiple data(e.g. I have different n mobility networks of individuals of socioeconomic class n, I'm interested in the multiplexity of mobility of individuals combined, let's say for epidemic purposes, but each layer is one network and can be analyzed and described separately... (although I know you have a separate item in edges for describing those ""plex"")

=====

Often the interval between waves is not the same (e.g., I have a longitudinal study at a high school comprising 16 waves in six years, but their separation fluctuates between two and four months due to a number of reasons). So you may want to rephrase: ""the temporal interval (average if not exactly periodic) between waves."" Alternatively, albeit more lengthy, the guidelines could request a list of dates for each wave. 

=====

Some of the language here might be simplified / explained further - here and elsewhere, language and jargon is accessible only to those already expert in network analysis methodologies. Though, arguably, this is who should be writing articles/NA content, should the guidelines also be for people trying to learn more about how to write network analysis as well, and therefore be more accessible?

=====

Maybe give a warning that ""multiple networks"" here does not mean multi-layered/multiplex networks, and that a section to indicate multiple edge types will come later.

=====

The statement on ""multiple networks"" representing ""temporal waves"" is fine but it misses an increasingly important type of temporal networks namely networks of relational events. See the survey Bianchi, F., Filippi-Mazzola, E., Lomi, A., & Wit, E. C. (2024). Relational event modeling. Annual Review of Statistics and Its Application, 11.
These are sequences of relational events (sender, receiver, time) where time is often so fine-granular that all or most interaction times are unique. Such data is increasingly common (any form of electronic communication or interaction, ...).  The guidelines seem to force researchers to force such event networks into sequences of snapshots. Many of the following more specific items do not translate well to this kind of networks.

=====

Two dimensions are combined: (1) personal networks versus whole networks, and (2) longitudinal versus cross-sectional observation. Although this distinction is conceptually clear and theoretically sound, it can be difficult to apply in practice, especially for novice researchers.

=====

All of these general guideline things are silly; I just don't see the value of doing this.

=====

I do not know what a 'wave' is in network context

=====

Just wonder if procedures, under item 4.1 and 4.2, could be part of the data section, after 1.2

=====

What is the difference between multiple networks and multiplex networks? If multiple networks can refer to the same nodeset(s), as in longitudinal networks, then multiplex networks (3.1) appear conceptually equivalent? Also, if this is where longitudinal information should appear (e.g. number of waves), is this also where network event information should appear (e.g. number/range of discrete time steps)? This item may conflate related yet distinct concepts in the search for parsimony, and could be unpacked into separate conditional items?

=====

Replace 'temporal interval' with 'temporal intervals', since gaps may not be consistent between waves

=====

In the reporting guideline should also consider data contain multiple layers or different parts of a system.

=====

for me, the focus is set too much on waves. simply call it ""temporal states"" or something similar? I know where this comes from, but the waves are - at least to me - a specific case and there are lots of other temporal network approaches, where the ""wave"" concept doesn't fit that well.. 

=====

The guideline is clear. As a minor suggestion, the notes could briefly mention that multiple networks may also arise when the composition of actors changes over time within the same system, which may be relevant in organisational or collaborative network settings.

=====

Yes, but this should after the definiton of what the nodes and links are, and how many of them he get in this dataset.

=====

I think that a third guideline could be added corresponding to the case where networks are of different types. An example would be the ""A Blue Start"" dataset, where there are two networks; one of the following network, and one of the starter pack network. I would consider this the same dataset, but the networks represent two different things. I don't think that this case is covered with examples provided. I think that if the networks represent different *parts* of a systems, each (with numbers) should be stated. So, in this example, it would be ""the dataset is two networks, one representing following relationships and one representing starterpack membership.""

=====

How are we going to treat longitudinal data where one vertex (maybe out of 10000) vanishes? (i.e one patient dies during data collection)

=====

I would clarify how to report datasets where the temporal interval between waves is irregular or inconsistent

=====

For longitudinal series, the time between intervals should be specified.

=====

It is unnecessary and bureaucratic

=====

The guideline handles longitudinal and multi-site cases well, but it doesn't address the increasingly common case of multiplex longitudinal networks, where you have both multiple waves and multiple types of relationships. Given how frequently this arises in organizational and team network research, a brief note acknowledging that combination would strengthen the guideline.

=====

Items 1.2 and 7.4 make the implicit assumption that temporal network data are discrete-time network data. How are relational event data and other continuous-time network data handled? I believe that multiple networks on the same set of nodes at the same time point should be separated from discrete-time and continuous-time network data, and that appropriate summaries for continuous-time network data should be included in the guidelines.

=====

I would be thinking of including an complex example reporting in an extra column at the end. I think this would make it easy to follow and easier to use. 

=====

I suggest using ""timeframes"" instead of ""temporal waves"".

=====

I would split these two into their own categories, because the ""multiple network"" case can also be represented at different ""waves"".

I would have two separate items:
1. waves (or temporality / periodicity)
2. cardinality (or # of components)

=====

The reporting of time intervals sounds a bit redundant with the reporting of dates (item 1.5). I personally prefer the latter, because:
1. in some cases the collection of waves may be done over a relatively long period, and it is difficult to report a neat interval time. In such cases it is much more informative to know the dates of the data collection.
Example: I go to the Amazonian forest to collect networks in villages, it takes me a month to go through all villages, but at my next visit I might reverse the order of the villages because of a flood going on, then for some people the interval is 2 months longer than others.
2. when working with relational events, we will prefer describing the dates at which the events occur anyway

=====

Would be nice to have citations to examples that fit each of the circumstances. 

=====

relational event data are longitudinal but not structured as waves. 

=====

This was the first guideline that was unclear to me. The examples helped, but also required a few readings to fully understand. My first thought was, what about if you collected multiple types of networks within a single system (i.e. friendship and advice in a single organization). I think 1.2 would not apply, but I am still not fully sure.

=====

I would rename this item to the Type of network with options:
- basic (single set of nodes, single set of links)
- bipartite (usually called twomode, two modes (sets/types of nodes), each link has an endnode in each mode)
- multimode (more than one mode)
- multirelational/multiplex (more than one set/type of links)
- temporal/dynamic (presence/activity of nodes and links can change through time). At least three ways of description: 
   - time slices (slice = ordinary network in selected time interval)
   - sequence of events transforming the current version of network (for example a trace of the network growth or data sets from https://eventdata.parusanalytics.com/data.html , etc.)
   - description of node/link activity as temporal quantity https://link.springer.com/article/10.1007/s13278-016-0330-4
- collection of networks

The types can be combined - multimode multirelational temporal network.
A general network can be decomposed into a collection of basic and bipartite networks (and vice versa). 

=====

It is unclear how to best consider dynamic networks (e.g., digital trace networks) or networks representing relational events. Would this be a single network over time or would there be an expectation to report on time windows?  Suggest adding something to the note to clarify expectations in such scenarios.

=====

add ""or the time when the different waves were collected"" to ""and the temporal interval between waves."" - the temporal interval may not have the same length between all waves. 

=====

For continuous-time network data (e.g., time-stamped interactions), the ""waves"" and ""interval"" framing may not directly transfer. Aggregation into discrete windows may be an analytic design choice? Do we want to make space to explicate this?"
"system",78,26,5,"Alternatively, category instead of system.

=====

Be clear whether this should be a short description (as in the given examples) or any length.  Would two paragraphs describing the network be a 'type' or is that too low-level a description for this item?

=====

A focal individual personal and PROFESSIONAL relationships. 

=====

I think, otherwise said: What does an edge represent? What does a node represent? (but you may ask this later in the survey)

=====

In mode-2 networks, it may be difficult to answer this question. Perhaps an example of this type of network could be included in the notes.

=====

How could this not be obvious from the manuscript?  If not, the manuscript should be rejected for incompetence. 

=====

I lean towards agree. My slight hesitation is how one would describe a 2-mode network (e.g., students and classes). Is it a connected system of students? a connected system of classes? a school? Perhaps it's up to the researcher and he/she will choose the ""system"" that best represents their research question (e.g., if they are primarily interested in student interactions they might prioritize the students, over the classes, when identifying the ""system""). I don't have a good suggestion to improve it. 

=====

'system' sounds vague. Some people may write very much details while some other people may write little.

=====

This could be difficult to answer in some cases, at least separate from a description of the nodes and ties in the network. What does this add over a requirement to specify the nodes and ties? Adding an optional 'name' item might offer more freedom, and useful where there are recognised names for classical datasets?

=====

Suggest move the item ahead of the Item 1.2

=====

to be more accurate and stay within the network conceptualization change ""food chain"" to ""food web""?

=====

Indeed, but after the cardinal and initial definitions of the nodes and links 

=====

Maybe instead of ""a connected system"" it should be ""connections within a system"". Some networks have more than one connected component and so are not ""a connected system"".


=====

Are references encouraged in these reporting steps? If so, this might be a useful spot to include a few, if relevant.

=====

Maybe explicitly say that there are diverse kinds of connected systems. I think those of us who work with network data know this, I could imagine someone seeing the list of examples and being daunted/confused.

=====

In the guideline 'type of system' might be confusing. I would simply left 'system'.

=====

I would also request to provide the domain of the data (e.g., biology, social) to ensure the system type is categorized consistently for cross study comparisons.

=====

The guidelines can suggest providing details about the system (e.g., for the example of a human brain, the species and age of the brain would be important to know).

=====

""type of systems"" seems vague? Maybe add some broad categorization?

=====

In many cases researchers are interested in the nodes, not in the system and will therefore not consider this guideline meaningful

=====

I would remove the first few words in Notes to read: ""The system is, for example, a university, the human brain, a food chain, or a focal individual’s personal relationships.""

=====

It is clear, but I'm not sure ""system"" is the right word.
Maybe kind, type.

=====

""System"" is not common/consistent terminology. I would just say ""Context"" or ""Source"".

=====

You use the system to define the system -- maybe clarify connected system.

=====

I would not use ""university"" as example here. It is too abstract and you can make many different types of networks from a university. You can specify: groups of researchers coauthoring papers, departments sharing subjects, .......

=====

This is more a question than a suggestion. I wonder whether this is necessary, given that a network is (at least for me) defined by a set of nodes and a set of edges. If we already describe what the nodes and edges represent, we might not need this. In practice, some people may be satisfied by saying that they study ""a friendship network among schoolmates"" or an ""advice network among co-workers"" and would not know what to add there. They could add something of course and say that these are ""social"" or ""organizational"" systems, but I'm not sure it adds any information that is strictly necessary to understand the data (which I think is the prupose of these guidelines).

=====

I dislike the use of the word system here. First, it does not pertain to synethetic networks, second it might be a minomer for egocentric networks (the personal contact system?). A system already smuggles in a sense of boundary in way that 'domain' or 'context' does not. 

=====

Could consider pairing with who are the nodes. but basically i like it the way it is

=====

It would be helpful in the note to add a bit more information about what is meant by a connected system. For example, what aspects of a university represent a system?  Similarly for the human brain - neurons connected through synapses? and so on.    

=====

perhaps mention that the author should specify the boundaries of the system

=====

Some networks are built from correlations, as in the case of financial networks and brain functional connectivity networks. I wonder if we should mention also networks built from correlations or similarity measures in the notes."
"location",82,25,3,"Not only for observed data; one can produce synthetic network data that reflects some location attributes or that is intended to simulate or model a geographic location

=====

In the second case, information should be enough to understand the characteristics of the system. Using the example of the US, social relationship networks in are not the same in California, Montana, or North Carolina. Also, urban or rural environments are different. If this item is included this should be specified up to the level needed

=====

Please also include historical data; this should report where the original data refer to, but also where this has been stored (i.e. the archives)

=====

The guideline works well for in-person or geographically grounded data, but doesn't address the increasingly common case of online or digital network data (e.g., Twitter/X networks, Reddit communities, Wikipedia editor networks). For these, ""geographic location where the data were obtained"" is either meaningless or ambiguous. Is it the server location? The researcher's institution? The users' countries? A note clarifying how to handle digital/online contexts would be valuable.
Additionally, the guideline doesn't address networks collected across multiple locations (e.g., a comparative study across 10 cities). It's unclear whether authors should list all locations or describe them at a higher level of aggregation.

=====

This is great--it's ""the study area"". But in addition: what geographical unit does each node represent (a country, a city, an address, a building)? 

=====

Should be obvious.

=====

If the data are collected through a social media platform where the location of each participant is not known or cannot be guaranteed then specify the social media platform and the intended physical location - e.g., Telegram Ukraine

=====

Should this be completed at as granular a spatial level as appropriate or possible?Any conventions that should be followed here to support subsequent aggregation of metadata, e.g. to support disambiguation (Washington DC or state? London UK or Ontario?)?

=====

Regarding the geographic location, should resolution be reported as well.

=====

The guideline is clear. As a minor suggestion, the notes could briefly clarify how location should be reported when network data are compiled from distributed or online sources, where the relevant location may refer to the system being studied rather than the place where the data were collected.

=====

Many networks have no geographical context. Instead of specifcally requiring a geographic location, it might be better to use a more general term. Perhaps ""If observed, report the population or location for which the data were obtained."" Then in the examples, include one or two examples that don't have geographic information, such as ""responders to a internet based survey aimed at international aid foundations"", or ""meta-analysis of 43 peer-reviewed studies of mice"".

=====

For social media, is there a default description? For example, for SOMAR, it's ""Geographic coverage: Earth""

=====

Note that people in humanities are heading towards a GPS unique characterisation of anything worth to be studied. Maybe one could coordinate on that effort. Google GPS data can be anyhow a good choice

=====

Clarify how to report location for digital or online networks (e.g., server location vs. user headquarters) where physical geography may be irrelevant.

=====

Not sure ""geographical"" is the right adjective - If i understand the item correctly, it is more a matter of specifying the ""environmental"" conditions or the setting that network data refer to/come from. Perhaps using environmental instead of geographical and specify that, in some cases, what matters is precisely the geographical location?

=====

The examples in the notes lean heavily toward ecological and physical location contexts. It would be worth adding an example more relevant to online or digital network data, where ""location"" is ambiguous or may not be geographically bounded in any meaningful way. This is increasingly the norm in computational social science and network research.

=====

""Location"" should be plural instead of singular, because the data may have been collected in multiple locations.

=====

Multiple networks should be reported separately or together? 

=====

This guideline fails to take into consideration, observed systems where location is not confined to one geographical space (e.g. in social media networks where nodes constituting accounts could traverse national and geo-political boundaries).

=====

Clarify what to do when my data is ""digital"" behavioural data (or digital traces) from an online social media platform. 

=====

The Notes are contradictory.

=====

I would include a reference to ethics directly in the guide section.

=====

I might provide a middle ground like city or county in the us context.

=====

Reading this item, I thought there were other aspects of the studied system that might be more relevant than location and that do not seem covered in the current guidelines. For example ""we collected data in Naples"" is allegedly less informative than ""we collected data among mafia members"". Or ""we collected data in Ethiopia"" is less informative than ""we collected data in Hamar tribes"". 

Maybe the item could be renamed to something like ""population"" to ask researchers to mention any important selection criterion in the data collection (geographical location, specific social group, organization, etc.). Alternatively, this could also go into section 2. on nodes, either in 2.2 or 2.3 or in a new item that could be called ""selection criteria"".  

=====

Location of networks collected through survey research or within egonetworks would be more the location of the respondent. We might not know whether someone who is nominated as a contact is within any given stated location if they come from free recall. 

=====

I would add one phrase about virtual settings, where location may be digital rather than geographic

=====

Probably acknowledge that some data are not geographicaly bounded (all retweets with #trump

=====

Virtually sampled networks may be a separate class that needs to be explicated? Similarly, as networks might include humans and machines, our definition for how we think about ""geography"" might need to be more general?"
"date",86,22,2,"same as in 1.4: not only for observed data. Simulation sometimes implies dates, so it could be noted if it's intended to model or simulate specific dates in synthetic network data.

=====

I agree, but the date that the data were compiled should also be included, if only in a footnote, given the impact that compilation practices might have on the dataset, especially if there is a long gap between creation and compilation.

=====

Exact dates should only be reported if doing so does not threaten identifiability or if it is necessary for the research context (e.g., to show relation to a dramatic event like outbreak of a war or start of covid lockdown). Generally, the exact day is rarely relevant and just makes it easier to de-identify people.

=====

1400-1435 is inconsistent, maybe a typo?

For instance, for continuously collected digital trace data (e.g., a Twitter network scraped over several months), it's unclear whether to report the full date range, a single representative date, or something else. A brief example covering a continuous collection window would strengthen this item.

=====

Along with when the data was collected for research.  

=====

why switch from 1434 to 1435 within the paragraph? year vs. exact minute feels arbitrary. why not month, day, hour ...?

=====

The guideline is clear. As a minor suggestion, the notes could briefly mention that when network data are compiled from sources that are updated over time, authors should report the period that the data are intended to represent or the date when the information was captured.

=====

Studies of biological relevance are often not specific to a specific timeframe. Maybe add an example where dates don't fit like ""disease response independent of time.""

=====

There are some situations where it can be difficult to accurately report the date the network represents. For example, when the network is built from archive data that does not specify the exact date the relational data was obtained.

=====

My suggestion: ""If observed (see 1.1), report the date(s) that the data are intended to represent or were collected."" 

=====

Suggest including the data collection or compilation date as an optional secondary field to help identify potential versioning or archival issues.

=====

not always relevant

=====

Sometimes the exact date is not necessary such as data were collected October to November

=====

The distinction between the date the data represent versus the date they were collected is genuinely useful and often overlooked. My minor suggestion is that the notes could briefly address continuously updated or streaming network data, such as social media interaction networks, where the represented date is itself a moving window rather than a fixed point or range. This is an increasingly common case in computational network research.

=====

Details may be left to the data source if a link to the source is given.

=====

I would suggest a fixed format in terms of time to suggest. It is unclear for me if T1 to T3 should reported in one or in multiple entries linking the Ts with the dates. 

=====

I would add: ""In the case of multiple timeframes, indicate the date or period corresponding to each one.""

=====

This is clear, but it is also important to report when the data was downloaded (if it is not mine). This could help track bugs, and cases when the data is updated/migrated by accident or so from the server side.

=====

Maybe more precision could be given about what to do when dealing with relational events (report number of events, mean, SD, min, max of intervals between events...)

=====

It should end 'appropriate for the data, research questions and any ethical concerns'. This would be consistent with 1.4.

=====

No reason the author couldn't report the data of collection as well. Suppose i ask senior scholars to recall ties with other scholars back in the 70s. I'd want to know if the data were collected recently or back in the 80s

=====

It may not be necessary to report exact dates in every case. Where appropriate, researchers could instead report the month and year during which the interactions or behaviors were observed, particularly when finer temporal resolution is not substantively meaningful or raises practical or ethical concerns.

=====

Distinguish between collection (e.g. survey date) and time window representation of edges / relationships (e.g., communicated within the prior 6 months)

=====

For dynamical networks in brain networks, sometimes it is needed to choose a time window to colapse. Also in temporal networks. But maybe the way it is now it's already clear of what the process should be to report the temporal scale. "
"data",87,20,3,"Data: Very useful for open science; How about aligning wording with common “data availability” practice by asking for a URL/DOI/repository plus any access conditions (open, restricted, on request, NDA), because “how and where” can still be vague without those specifics.

=====

The 'data of data' seems redundant, and this item is about availability. So, it may be better to label ""Availability.""

=====

Perhaps say explicitly: In almost all cases, it is expected that full network data is available through an open science repository.

=====

I suggest to add 'when', because maybe researchers are willing to share but only after X years have passed...

=====

People's reasons why they don't share the data are often kind of tricky. If two people collected the same dataset, one person may elect to share it and one may not--citing different levels of worry about bad effects.

=====

Would a DOI or other link be a useful convention here?

=====

I think it would be good to highlight ""when ethically possible"". Many researchers in anthropology have agreements with their interlocutors, etc. that preclude open data sharing. 

=====

If authors are not willing to share the data, then this dataset should not be in the repository. I have encountered so many cases where I search for a dataset and end up with the classic sentence: “I can’t share this.” If that is the case, please tell me that upfront instead of making me waste my time.

=====

I would go even further an request a link to the repository where the data are stored and can be obtained (if sharing is possible). I think the note ""available upon request"" is an easy and lazy way out that should be prevented as much as possible.

=====

Maybe indicate that providing a DOI/DOI link is strongly encouraged when available?

=====

It would be helpful to provide examples of repositories that allow free access to data, such as platforms like OSF. In my opinion, data should not only be stored but also be accessible.

=====

'Data' might be too vague as an item label. Maybe 'Availability' or 'Data sharing' would represent this item better.

=====

Also include DOI or other identifier not just URL

=====

maybe add something about ""conditional"" access for restricted/proprietary data?

=====

Leave out the notes

=====

Maybe something about how the data were processed if applicable? ex: cleaning code

=====

Clear, but not sure ""Data"" is the right term.
Maybe ""availability"" 

=====

This has nothing to do with network reporting. This is a different conversation about ORR.

=====

Maybe link with Open Science principles

=====

""Why the data are not available"" is a bit adversarial compared to ""what data is avaiable and what data has been withheld for condidentiality"". And in reality even open data will still often withhold some details, whereas this treats it as a binary. 

=====

Specify the access type - copyright and/or access license; se for example https://www.kaggle.com/discussions/getting-started/515708 . Some data sets can have access restrictions.

DOI or URL

=====

I feel that, in addition to reporting the data, researchers should also report the code, software, and version details required to reproduce the network and analyses.

=====

Explicate cases where data are not shareable for privacy-preserving or regulatory reasons?"
"citation",88,20,2,"As some journals are requiring to provide the data in open repositories, maybe the note could describe that if deposited on a repository provide the link.

=====

See my comment at the beginning of the survey. If there is a paper already, only the points in the guidelines not reported there should be included, and so indicated here

=====

This should be mandatory, not optional - reframe this as an 'if' statement if only some sets have this additional information.

=====

data *are* ;)

=====

Here is where I think it should be emphasized that we - scholars conducting network research -  could make greater use of online repositories (e.g., Zenodo, OSF) to provide a fully described dataset that follows GRAND guidelines, almost as if we were filling the blanks of a standard GRAND template. Then, in the paper itself, it could present this information in a more compact form (say 1 paragraph). Imagine having multiple papers based on the same dataset (for whatever reason, typically because each paper address a different set of problems). In that case, repeating the same ""minimum information that should always be reported"" becomes cumbersome and may even trigger (auto)plagiarism-dectection software.

In brief, my suggestion is that ""citation to a source where the data is more fully described"" could be considered as mandatory as the other GRAND guidelines. This would help, in my opinion, to create a culture in which doing so becomes natural in the future, rather than remaining optional.

=====

if its optional then it probably shouldn't' be in a guideline.

=====

Maybe clarify that this is only option if no such citation exists? E.g. ""If existant: Provide a citation...""

=====

What citation format should be used?

=====

Yes but this is more metadata of the network dataset. I mean, not at the beginnning

=====

Maybe state that the publications cited should defer to the author's preferences. For instance, on Austin Benson's data repository, he lists for each dataset the papers to cite (See, for example, https://www.cs.cornell.edu/~arb/data/congress-bills/)

=====

see my previous suggestion

=====

Just acomment and question..where are we on the ""data"" being singular or plural?Is singular now the accepted usage?

=====

Why is this optional?

=====

I appreciate that this is marked optional, but given the growing emphasis on data provenance and credit in science, I would suggest elevating this from optional to recommended. In my experience, proper attribution of data collection efforts is often an afterthought, and these guidelines are an opportunity to nudge the field in a more accountable direction.

=====

I agree. I'd add the requirement to indicate the archive or collection where the sources can be found (e.g., public or private). This information is essential for historical data.

=====

Mentioning that this applies to previously used data. 

=====

It is clear.
But not sure ""citation"" is the right word.

""citation"" might sound as how others should cite this data. Is that so? But what if I did some modifications to the data? Which one others should cite? mine? or the original?

So, instead of citation maybe: Origin or Owner or Base or Reference.

and in addition ""How to Cite"" 
If someone wants to reuse this data (either as the original if i didn't make any change, or mine after i made some changes to the original)

=====

Again, this is self-contradictory: IF the material has to be described in this manuscript, don't give an alternative/opt-out.

=====

I think this should be standard, not optional.

=====

Institution(s) or/and author(s) that created the data. Optional: contact data.

In the 1. Data section I would add an additional item 
1.8 Format 
Format in which the network data set is described.
A list of standard formats can be provided.

=====

Should we say something about citing the paper describing the data but also the data, in case the DOI is not the same for both? 

=====

Yes, but care has be taken to not over-rely on citation. Sometimes it makes life more difficult as a manuscript reviewer or reader to be sent to another citation, when that may or may not have the requisite information laid out clearly. "
"mode",96,11,2,"I would say that only reporting if >1 is also ok

=====

I did not understand the difference between this and 2.2. As I carefully read, I sort of understand, but vague to me.

=====

You mean, you have to declare if the network is bipartite or not? If so, I agree, but it's not clear, e.g., multmodal brain networks are network that share the same node but fifferent kind of connectivity, ergo: fMRI, vs MEG, or structural vs functional. 

=====

Could this be subsumed in a “what are nodes in the network”  question?

=====

Suggestion because I think there is a tiny typo: ""Report the number or types of entities the nodes represent.""

=====

explicitly state whether the multimodal network is being analyzed as a projection onto a single mode or in its original form

=====

this is a very complicated way to say something very simple

=====

The examples are clear but lean toward ecological networks. Given that bimodal networks are extremely common in social network research, such as people affiliated with organizations, or authors connected to papers, it would be worth adding at least one social science example in the notes to broaden the appeal and relevance of this guideline to the social network research community.

=====

Only report the number, not the actual list of modes? e.g., person and affiliation?

=====

This seems like an ""if"" rather than a must. As in ""if the nodes represent multiple distinct types of entities structured as modes, then each mode should be reported. If no mode is reported the data is assumed to be unimodal"". 

=====

I dislike this use of ""mode"". If i look at ties among members of an organization and some are men and some women, do i have two modes? Doesn't every categorical node attribute set up multi-modal data. I would only used modes when the k-mode network is k-partite. Or I would reserve 2 mode for certain kinds of ties, specifically participation/affiliation: bill is a resident of Bellevue

=====

should we say bimodal/bipartite? 

=====

I suggest providing a different example for a modal network, ideally one in which both between- and within-mode edges are meaningful. This will distinguish it from item 3.6, which relates to prohibiting within-mode edges."
"nodes",95,13,2,"See my comments on 2.1. I think you simply want to leave the possibility of having multiple node types. So, I think you can do it in a simpler way?

=====

Why call this ""node"" and not ""type"" or something similar?

=====

This have to be the firt elemen one can find in the dataset info

=====

add ""multilayer"", i.e., If multimode (multilayer)

=====

Here, there might be room to accommodate possible multiscale data. E.g. in some fMRI data, you could aggregate the nodes into multiple separate scales, which may be a researcher modeling choice *and* depends on th imaging modality 

=====

It is unnecessary and bureaucratic

=====

I would rephrase the notes to sth like: ""For example, ""people"" in a unimodal social network, and ""plants & pollinators"" in a bimodal pollination network.""

And I would probably call this item sth like: type, entity, or definition

=====

I think this could be clearer. Maybe something like the bimodal adjecency matrix representation of pollination networks would be rows are plants and columns are pollinators and cells are relations between them. 

=====

See comment for 1.4 (where should selection criteria for nodes be reported?)

=====

Needs alignment with the mode question as it seems a bit redundant at present.

=====

This feels like it was already well explained in 2.1.

=====

I would add two additional items:
- Labeled: nodes are labeled or not with meaningful labels.
In (S)NA labels are very important in the interpretation of results. Networks in network science are often without labels - the analysis is based on distributions.
- Properties: for different modes different properties can be considered/measured. They are expressed in measurement scales (numerical, ordinal, nominal/categorical, structured). 

=====

The Note seems to imply that a unimodal social network is always comprised of nodes that represent people.  Suggest making the context a bit more descriptive, for example, peer networks in a classroom.

=====

It is possible to combine 2.1 and 2.2. But maybe it is clearer if you do it step by step?

=====

same as the previous one?"
"boundary",80,22,7,"This is a very social network related guideline. It may not apply to other systems. Or notes should include more examples in other systems. 

=====

This is an instance of jargon language: can this be made more accessible to non-specialists?

=====

If multiple name generators are being used to capture different boundaries, they should each be noted. 

=====

Second, the guideline is framed entirely around social network data collection conventions (e.g., ""name generator questions""). This language may be unfamiliar or inapplicable to researchers in fields like biology, neuroscience, or physics, where boundary specification works quite differently. The notes could benefit from at least one non-social-science example.

=====

In some areas, the term global network, instead of whole network could be more common. We may add the term in parentheses.

=====

There are just three options ""ego network"", ""bounded whole"", or ""unbounded whole""? Or is the expectation that the boundary should be described: ""snowball sampling from three seeds until saturation"", ""snowball sampling until distance three from three seeds"", etc?

=====

""should be"" or ""are"" included?

=====

The notes could briefly mention that in some studies the boundary may be defined using institutional or organisational lists, such as membership or participation records, which determine which actors are included in the network.

=====

This is only applicable to a specific type of network, so this should be located in metadata

=====

Although the descriptor may be somewhat lengthy, I recommend including an example of each type.

=====

clarify how to report ""snowball"" or ""respondent driven"" sampling, as these often sit between bounded and unbounded definitions

=====

I am not sure responses to a name generator question (ego network) or by an a priori list (bounded whole network) are mutually exclusive. You can give a list of names to a sample of egos (for example, when you want to study a collection of egonets in large settings where you cold not collect whole network data), or you could collect whole networks with free recalls (for example, when suing snowball techniques with hidden populations)?

=====

unbounded whole network is logically impossible

=====

The three-way distinction is useful and well-explained. My minor suggestion is that the notes could acknowledge snowball sampling as a specific and common case of the unbounded whole network, since it is widely used in social network research and sits in an interesting middle ground between bounded and unbounded approaches.

=====

Here or elsewhere, it should be clarified what the set of nodes of interest is, i.e., what the population of interest is, and whether a sample was generated from the population.

=====

Details may be left to the data source if a link to the source is given.

=====

The term 'name generator' is very specific to contemporary social sciences and survey methodology. For a historical or archival context, I suggest describing these boundaries in terms of documentary selection criteria or sampling scope, so the reader can understand how the actors were filtered from the sources. For example: ""Indicate whether the network boundaries were defined by the relations surrounding specific archival subjects (ego network), by a predefined list of actors found in the sources (bounded whole network), or if the network remained open-ended based on all available documentary evidence (unbounded whole network).""

=====

Use bullet points on notes. 

=====

I don't see the connection between a ""name generator question"" and an ego node.

When I read ""name generator"" I think of an (computer) algorithm that generates random names.
A name generator question is then a question that asks for generated names. 
If you are asking me to generate names, these can be random, they don't make them my alters necessarily.

If you mean questions like ""name your closest 5 friends"" or so, then I would frame it differently. Also, ego networks can also be formed without a ""single respondent's answers to a name generator question"" for example, take all my coauthors. I didn't nominate them or ""generated"" any name. 

Also, the a priori and not bounded definitions are ambiguous.

1. bounded whole network: if it is already bounded then it is not a whole network
2. unbounded network: gives the impression that it includes all nodes (because it is unbounded, no limits/constraints).

Last but not list, these are properties of node, I don't know why we are having ""network"" as the categories.

What about:
- instead of boundary: Scope or Selection 
- type 1: ego-centric 
- type 2: pre-defined
- type 3: criteria-based

Guideline: Report how nodes were selected for inclusion: whether derived from a single respondent's connections (ego-centric), taken from a pre-defined set of all members (pre-defined), or identified through eligibility criteria or sampling (criteria-based).

Notes: In an ego-centric design, the nodes are those connected to a single focal respondent. In a pre-defined design, all members of a defined group are known and listed in advance. In a criteria-based design, no complete membership list exists, so nodes are included if they meet specified rules or are drawn through a sampling procedure.

=====

This is only possible for human subjects and primary data collection. This is not possible for most secondary data, observational data, etc.

=====

An unbounded whole network seems weird. I think maybe something like, report whole network size is known or unknown, sometimes refered to as unbounded. 

=====

This was the only item that was really not clear to me. I could see cases where I would not know which of the three options you mention. For example:
- how do you think about a network collected with snowball sampling? It is both ""unbounded"" as well as ""bounded by responses to a name generator"".  
- you say that we should consider the network ""unbounded"" if ""there is no complete list of eligible nodes, and nodes are included if they meet inclusion criteria"", but that is one way to define a bounded network, right?

I think this item needs more precision. I'm not sure how exactly but:
- A suggestion would be to separate boundaries for ""egos"" and for ""alters"" (the last category would only be relevant for self-reported data). 
- Another suggestion could be to have an item that specify the inclusion criteria for nodes (and edges). See my comment on 1.4. 

=====

I don't really like focusing on the boundedness of the network, which as we note is post-transformation. It should be more focused on the nature of the instrument used to collect that data, which itself would serve as a theoretical boundary, but that boundary may be different than the one that is used in the resulting data collection. For example, I may filter out specific people from a bounded network. 

=====

For an egonet, the responses should be: Egonet (includes ego); or Egonet (ego not included). Both approaches are observed in the literature, so clarifying which approach would be useful.

=====

I think it is more complicated than this. First, you may have a fixed roster but sample from it. It's bounded, but you sampled. Second, ego networks have to boundaries: the set respondents, and the set of alters they are allowed to choose from (eg people from work, people you discuss health with). Third, you don't consider edge sampling (as in large scale trace data). Fourth, a roster can allow resps to add names. 

=====

The notion of an unbounded whole network is confusing. The note seems to imply that either there are boundaries (defined by eligible nodes) or a process is in place to sample representative nodes.  So, one may ask - is the resulting representation actually a whole network?  Or is it a partial network of some sort?  

=====

I would also include hybrid approaches to bounding as an option (e.g., when the network has an a priori list but respondents have the option to add to the list). 

=====

I haven't found this vocabulary in my own work. Seems a bit more specific to social networks? Also not sure if this is something super essential for most systems. So just leaving this as a thought.

=====

This item potentially conflates the boundary of the network of substantive interest and the effective boundary of the observation process. For example, unless only the respondent's perception is of substantive interest, an egonet is, at least in principle, a partial observation of some greater network of interest. See, e.g., Krivitsky and Morris (2017) for sexual partnership networks from ego reports of their partners.

I suggest refocusing this item as being about the ""population"" of interest, and leave egonets and other aspects of observation to Item 4.1."
"order",87,19,4,"Simply, ""size"", not ""order"", as an item label, which is also consistent with the edges section.

=====

If nodes enter and exit the network (e.g., in longitudinal school networks) report also the total number of nodes that were part of the surveys at some point

=====

At this stage it's unclear why multiple networks are only reported with the average size of the network, as this feels counter to reporting key information that may impact the analysis. 

=====

Compare my earlier comment regarding networks of relational events. In such networks, the number of nodes may also vary in higher time granularity. It may be shown in graphics with a better time resolution when how many nodes enter, leave, or are members of the network. This is not well represented by a summary of network size over the ""waves"" (there are no waves in such networks).

=====

I wonder if for longitudinal networks it is important to report the number of nodes in each wave rather than using summary statistics?  It seems important here because it would capture the number of leavers/joiners between each wave

=====

From how many multiple networks is it meaningful to describe the distribution? That is, if there are just 2 or 3 networks, then giving the order is probably more efficient and useful than describing the standard deviation?

=====

If the number of waves (or other mulitple views) is relatively small (e.g., < 5), reporting absolute numbers may be more informative than measures of central tendency and dispersion. 

=====

I do not fully understand why the number of nodes is always (?) reported last throughout the guidelines. e.g. boundary could be after the number of nodes.

=====

This must be the second element to find out in the dataset

=====

report the number of nodes before and after any analysis is done to clarify the impact of data cleaning on the final graph order

=====

I would make this a recommended/optional item

=====

There is an implicit assumption that temporal network data are discrete-time network data. If temporal network data are relational event data or other continuous-time network data, the rate of change over time should be reported.

=====

If relevant 

=====

Reporting the number of nodes can be a minimum requirement, but the level of detail needed may depend on the nature of the study.

=====

My disagreement is limited to the longitudinal case. I think for longitudinal network data, it is important to not just report change in size but also report composition change (number of joiners and number of leavers); a network can change substantially in terms of composition without the size being affected in aggregation. Concretely, if one third of network members leaves but is replaced by newcomers, this must be possible to differentiate in descriptives from the situation of the network just remaining composed of the same people. The Jaccard index is a good index for stability here, too (size of the intersection of two subsequent waves' nodes, divided by size of the union of these waves' nodes).

=====

Not convinced of the relevance of having Mean, Min and Max

=====

This is confusing terminology i.r.t. higher-order networks in which this means the number of nodes an edge connects. Why not use ""Number of nodes"" or ""Node count""?

=====

Order is the classic term in graph theory, but it also includes size in here in the language yet, we also use size to refer to the Cardinality of the edges. So I'd recommend using a different term than size in the instructions here, such as the ""count of nodes"". 

=====

I would add the median to that list at the end.

=====

If networks are longitudinal and the node set changes over time, authors should indicate if variation reflects missing data and sampling differences.

=====

So this is the number of nodes analyzed, rather than collected? missing data, outlier elimination etc.

=====

I don't think that the graph notation is necessary and may be confusing to folks who are new to networks (i.e., and abbreviated |V|)

=====

Is ""order"" really a more common term than ""size""? If not, then I would suggest calling this ""size"" or ""number(of nodes)"""
"plex",90,17,2,"""plex"" is not a standard term (or at least not that I know in different domains of knowledge interested in networks) but I could not think of another better... I think Multilayer is more general than multiplex (plex)

=====

Clarify that signs don't count here. For instance, friendships/enmities are usually represented with positive or negative weights. So to me these are weights and come up later in the guidelines so should not be reported here

=====

The notes say ""friendship and/or kinship"". It would be better to more explicitly require reporting whether it is AND/OR or rather XOR. That is, does being in one relation exclude being in the (or any) other relation?

=====

Report if >1

=====

Relevant, but firtly put the question about what type of network is. I'm wondering something like this when looking for network dataset.
Type of network?
Nodes meaning:?
N=?
Link meanign:?
L=?

=====

""Plex"" is possibly a confusing title. Maybe ""layers"" or ""number of types""?

=====

specify whether these different relationship types are analyzed as separate layers or aggregated into a single composite edge

=====

Beyond ""Report the number of types of relationships that edges are intended to represent."", report the actual types of relationships present, not just the count of the types of relationships.

=====

It is unnecessary and bureaucratic

=====

rephrase the last sentences to sth like:
""by friendship and kinship; a network where plants could be connected to pollinators by pollination, and to other plants by genetic similarity).""

=====

This is confusing when considering pre-post transformations. For example, using 9 name generators to come up with edges between ego and alter than then merging that into a single 'mentioned or not' would not be multiplex in the analysed data but it would be in the data it was derived from. 

=====

I'm thinking of instances were people are connected by being a close family member, best friend or household member within a social survey, but all get aggregated together in the network analysis. That is 1 condition, but multiple ways of meeting the condition. Perhaps in RG change it to 'the number of types of edges', then under Notes following '(e.g. in a friendship network, all the edges represent friendship)' it could say 'Multiple types of relationship aggregated together (such as people who have worked or volunteered together to be considered as a colleague with no record of whether through employment or voluntary work) would be considered as a single edge if there are no means of disaggregation within the data'.

=====

Not clear what is being said about multiplex networks. If the data consist of a friendship network and an advice network, we should report the number of ties in each. Not clear if we should report the number of multiplex ties, especially if the study did not make use of the multiplex network

=====

If multi-relational data were collected but a single relation was used, that also feels like it warrants disclosure. For instance, if you collect friendship and advice, a 'friendship edge' could be either a friendship that does or does not overlap with advice. In my opinion, the guideline should include disclosure of all edge types in the dataset as well as how the focal edge was defined to respondents and operationalized after the fact.

=====

I prefer the term relation over the term plex. In some networks (for example knowledge graphs) the number of modes and relations can be very large.

I would also add another item
- Simple: in each relation (plex) at most one link links a pair of nodes. In a non-simple network parallel links of the same type are allowed - for example, many e-mails from person a to person b.

=====

Researchers should indicate whether edges change over time (i.e., whether relationships are dynamic rather than static). They should also clarify whether edge weights are directly observed from data or derived through transformations or calculations.

=====

3.1 and 3.5 could be combined (as with 2.1 and 2.2 above), but maybe separating them is more helpful?
Is ""plex"" the term that will be best understood by a broad audience? Or maybe ""type"" or ""kind(s)""?

=====

Choose different item name

=====

Suggest adding that if the network is multimode, report which relationships are defined within and/or between which modes."
"direction",94,14,1,"*if multiplex (see 3..1)*... but 3.1 is called plex (which I suggested changing)

=====

unclear regarding the mechanism of why directed nodes are asymmetric and undirected are symmetric. Could have more explanation to avoid confusion. 

=====

Would suggest exchange the orders of Item 3.2 with 3.5.

=====

I would avoid the Plex Item to be condensed here in this Item, or just called as TYPE.

=====

In general this item is clear, however, using the nomenclature symmetric vs asymmetric can be confusing, because it can be confused with the type of adjacency matrix (Mode 1, Actors X Actors Vs Mode 2, Actors X Events)

=====

I think also absence of direction has a meaning and should be made explicit 

=====

Guidelines are clear, Notes are not. The latter are not written using precise definitions. There are different names for these concepts in different disciplines. In particular, ""symmetric"" may refer to different things.

=====

A directed (asymmetric) graph represents relationships with a specific orientation, which is essential when connections are non-reciprocal or hierarchical, such as in credit networks between creditors and debtors. Conversely, undirected (symmetric) graphs are used when connections lack a specific direction or when the orientation of the bond is irrelevant to the analysis.

=====

instead of ""Direction"" maybe ""Directionality""

=====

typo ""con-nected"" should be ""connected:

=====

I guess that it is not necessary to mention asymmetric. But it is important to emphasize what directedness means in each case. In citation networks it can mean whoc cites whom or who is cited by whom. In one case it is taken from a citation list and in the other from a references list. And these terms are sometimes mistaken.

=====

The point ""if directed, report what the direction of the edge means"" would make more sense in 3.5

=====

Of course, this should be done for each network in the study.

=====

There is notation embedded in the notes, which does not seem necessary or consistently used across items.  Suggest describing the construct in absence of graph notation.

=====

the symmetric or asymmetric may be discipline dependent. Maybe what is important to reinforce is that in a directed network relationships may not be reciprocal? Just a thought."
"weight",88,21,1,"I’d add “and how weights were constructed/aggregated” (e.g., sum vs mean vs max across events; normalization), because it’s often the key preprocessing decision.

=====

same that 3.3: *if multiplex (see 3.1)*... but 3.1 item is ""plex""

=====

I think 'signed' should be more prominently displayed. Either as it's own category or in the guideline box. 

=====

add - if this is an ordinal scale list all values and their meaning
if this is a continuous scale list the minimum possible, maximum possible and the meaning of each

=====

Is it important for signed networks to also report the meaning of the sign? (e.g., liking vs antipathy, affiliation vs avoidance etc).

=====

Can the network be both weighted and signed, e.g. {-0.5, 1.3}?

=====

Should precision be added? Or is that what ""level"" means?

=====

give the distribution of weights if known. Stress if the weight can or not be negative

=====

report the units of measurement for weights (e.g., liters, counts, or normalized scores) to ensure the physical or statistical scale is interpretable for secondary analysis

=====

""If weighted, report the meaning, level of measurement, and range of weights."" --> the meaning of ""level of measurement"" is unclear; ""unit(s) of measurement"" should be included, and the meaning of ""level"" of measurement should be clarified.

=====

It is unnecessary and bureaucratic

=====

For minimum information, it is enough to report whether the network is weighted and the meaning of weights.

=====

Place the word ""valued"" in addition to Weighted when first mentioned, as that is standard in some SNA communities. 

=====

I would instead call it: ""Weights"" and disentangle the sign and have it separately as ""Signed"" (as there can be weighted signed networks)

Other than that, the explanations are clear.


=====

Ths cale (linear or logarithmic) should be also mentioned

=====

Same comment as 3.2, the meaning of weights could be mentioned in 3.5 (as it is done for signed networks)

=====

I would split this into two dimensions: whether edges are binary or weighted, and whether values are unsigned or signed.

=====

I have a dataset where the conflict network is categorical: 0=no conflict, 1=task conflict only, 2=personal only, 3=both. Also, it might be worth distinguishing between ""similarities"" and ""dissimilarities"". ie, if X(i,j) is large, does it mean stronger social connectedness or weaker? The phrase ""If multiplex (see 3.1), report this item separately for each type of edge."" bothers me. A study can have multiple networks (physicists talk about ""layers""). I think that's what you mean here. A multiplex network is one where the ties reflect multiple dyadic attributes, as in both friend and advisor. 

=====

It feels like there should be something more explicit here about whether people have weighted data but are reporting it as unweighted (i.e. dichotomizing). In my reviewing, I have seen authors submit manuscripts that make it appear as if unweighted data were collected when, in reality, it was weighted data analyzed as unweighted which felt misleading and still possible given the wording of 3.3.

=====

A link can have several weights. For each weight specify also the measurement scale.

=====

A Signed Network can have weights different than +1 and -1 . The difference to a weighted network per se is that these networks usually have a social/cognitive association. So maybe just saying that usually they correspond to some affective context? 

=====

The Notes are a bit muddled, I think.
I would integrate the second, the third, and the fourth sentence, e.g., ""In a weighted network, present edges are assigned a weight that may be quantitative (e.g., interaction count or frequency, intensity), ordinal (e.g., rank among node's edges, valence or sign), nominal (e.g., language used), or any combination thereof."""
"loops",89,18,2,"Also include what it means for a loop to exist in this network.

=====

Perhaps add that in multiple networks with more than one type of edge, this should be reported for each edge type.

=====

I’d refer to these as “self-loops”

=====

""Self-loop"" is a more unambiguous term

=====

Give an example (in bibliometric studies, the case in which an author cites one of their own works).

=====

It might be useful to ask researchers to specify which category/categories of nodes can form loops, if multiple categories of nodes are present, and if the node types differ in their ability to form loops.

=====

perhaps useful to specify the meaning of loops?

=====

It is unnecessary and bureaucratic

=====

Specify that if the network does not contain loops it doesn't need to be specified, e.g., friendships.

=====

The guideline and note are clear, but it might be helpful to add a brief example of when loops arise in practice, such as in cognitive social structures or self-reported affiliation data, to help authors recognize when this item is relevant to their work.


=====

I've never used this terminology in my classes. I am not sure I would *require* this in every submission.

=====

Some communities call this property ""self-loops"" -- it distinguishes better from ""cycles"". This may sound awkward to some, but I experienced important misunderstandings with the term in the past.

=====

Another thing that may happen is multiple edges (most social scientists would treat those with weights, but in other fields it is common to talk about mutliple edges).

=====

self-loop

=====

These are ""self-loops"". Otherwise it conflates a cycle with a loop, which is acute within computer science where loops are used to mean iterations, including iterations on a walk, and within topology where a loop refers to a closed path in space. 

=====

Might add the language of ""reflexive"". we often refer to network with self-loops as reflexive

=====

If you want to drop an item to lighten the reporting burden, then this strikes me as a good candidate.

=====

and what the loops mean in that scenario

=====

also called ""cycles""

=====

Self-loop?"
"edges",86,20,2,"I think this should be the first item of 3. Edges (before describing the other items)and should be concise and general. 
Then,  if signed,  it should be explained in item 3.3 what edge sign means (not in edges item), and If multiplex, then it should be explain in the multiplex (plex) item.

=====

If the edges were obtained via a survey, and weights were assigned directly from the answers, it would be relevant to make the corresponding questions explicit 

=====

In a previous version of the guidelines, GRAND was described as ""agnostic"" with regard to terminology. However, the issue of terminology inevitably arises when providing a set of minimum recommendations. In the case of ""edges,"" for example, we find the use of several synonyms, such as ""ties,"" ""arcs,"" ""links,"" ""connections,"" or ""relationships,"" among others. It may therefore be useful to include some of these synonyms for the terms used, either in the notes or in a final section of the guidelines.

A related issue in guidelines for reporting relational data concerns the terminology employed. The incorporation of statistical physicists through network science has led to the introduction of new terms for concepts that were already used in social network analysis. Some degree of standardization could be helpful, as different names are currently used for the same indicators or network properties.

This also relates to language use. For example, in Spanish there are different terms referring to the same concept: structural holes are called “agujeros estructurales” in Spain and “hoyos estructurales” in Mexico. Greater standardization in terminology could help avoid ambiguities.

=====

this should be presented betore direction weight and loops

=====

Often in social science, these categorization also needs some definition. A part of it can be done by sharing what the name generator was (for ego network), and what the relationship prompt was (for bounded and unbounded whole network). This information can be shared in the data section, as I suggested.

=====

I was a little confused because 3.3 had ""meaning"" as something to be reported if a network was weighted and noted that this should also be reported for signed networks.  However, I see we have it here.  I wonder if for 3.3 it makes sense to call it a ""type"" of weight rather than using the term meaning?

=====

Edges often represent a concept but capture this through a combintation of e.g. name generators. It is probably worth requiring that all empirical generators are listed (somewhere) as well as the underlying concept (e.g., friendship) that they are aimed at identifying. Or is this captured elsewhere?

=====

See comment on 3.2

=====

This should be just the meaning of the link, and not inttented to full with more info about the type of network. 

=====

provide a formal definition of the relationship to ensure the semantic meaning of the edge is unambiguous for cross disciplinary research

=====

I think this should be the first item in the edge section as it gives meaning to the network(s) under examination

=====

I wonder if this is redundant from things in section 1?

=====

The word ""enemyship"" in the notes is a bit jarring and not standard terminology in the field. ""Antagonism"" or ""negative tie"" would be more consistent with how signed networks are typically discussed in the social network literature.

=====

This item should follow directly after ""3.1 Plex"" and not so late.

=====

I would rename this as type or entity or definition (same as with my suggestion with Nodes)

=====

Repeats 3.1

=====

Feels like this should be rolled into the plex definition or that plex should somehow be a subset of 'edge' definition. Why would plex be 3.1 and edge 3.5 when plex is conditional on edge?

=====

see prior comments on multiplex

=====

This feels redundant with 3.1.

=====

Maybe add to the Notes: In a social network comprised of people.... 

=====

Include time window involved in the definition of edges / relationships (e.g., communicated within the prior 6 months)

=====

The friendship/enemyship example potentially conflates edge type with weight in 3.3."
"npartite",89,11,8,"I agree but it could be noted in 2.1 and not in a separate item guideline (if you want to make it as the minimum information...)

=====

Better explain that there are hybrid cases. For example, the pollination relation is bipartite but in the same network (on the same set of nodes) there my be other types of relations from plant to plant or from pollinator to pollinator.

=====

Why do the data generators have to examine whether their network is N-partite? To answer this question, one probably needs to run an algorithm because apparently unipartite network may be N-partite (N>1). I do not think researchers generating network data owe that responsibility.

=====

Agree, but the notes are a bit unclear. Under the notes of 3.1 you mention a plant-pollinator network that is not bipartite. Rephrase to ""a plant-pollinator network CAN be bipartite when ..."" or something similar. The absolute framing (""IS"") does not fit in my opinion.

=====

Many examples are about plant-pollinator networks. Perhaps the example here could be food webs (e.g., predator and prey)?

=====

I am not sure if this is not redundant or if it belongs in this section. It does not strictly refer to edges after all, but to modes.

=====

To my mind, the simpler the better. I think there is a lot of redundancy in distinguishing so many separate items.

=====

I think this item is already covered in 2.1, where you can add a specification ""if multimode, describe the network as N-partite""

=====

Not sure this is needed. I think 2.1 is enough to describe multimode networks

=====

The ecological example is clear, but as with earlier items, a social science example would broaden the relevance. A two-mode network of people affiliated with organizations is a canonical bipartite network in social network research and would resonate more with that community.

=====

Should be reported only if not obvious from the provided information. For example, bipartiteness is obvious in a plant-pollinator network. Describing the network as N-partite is useful but need not be part of the minimum requirements.

=====

If you insist on N-partiteness as an option, this would amount to N(N-1) relationship types connecting nodes of different modes/partitions (in the directed case) and can be subsumed under ""plex"" in a sense. It would help if you could give a tripartite or quadripartite network as example. As an alternative, I propose introducing the term ""multilevel network"" and require elaboration of the partitions/modes as node sets (as per ""2.1 Mode"") and the relations between them as per ""3.1 Plex"" and ""3.5 Edges"").

=====

I think this is quite unclear. I'm not sure what you want the Reader to know from this.

=====

Maybe combine with 2.1

=====

This should have at least a 3-partite example. For example movies-actors-studios or something like that.

=====

OK, but the guideline is not 100% clear. I understood thanks to the note and because I worked with bipartite matrixes

=====

I'm not sure what this adds given 2.1. For bipartite we know it is plants to pollinators. I get that if it's 4 types of nodes we need to know if each node can connect to 1,2,3 or 4 types of node, but as I never use that data I can't think of examples of find this confusing. I'd move this to the end of the 3.x category, making it conditional on either have 3+ types of node. It only seems to apply in those cases, which will be relatively rare (and extremely rare in many disciplines).

=====

Is this only if the author does not project the data to 1-mode? if they do convert, this could be confusing. I wonder if this should be combined or moved closer to the number of modes question. To be honest, i don't think of the 2-mode data as network data until it is projected to 1-mode. I mean, analytically, if you want to use graph theoretic methods to analyze a species by trait matrix as a bipartite graph, be my guest. But do you have to call it a network???

=====

Agree, but see notes on 2.1 and 3.1."
"hypergraph",98,8,3,"How about adding “report the distribution of hyperedge sizes (min/median/max)”?

=====

I'm not sure if it applies to many networks, so maybe it's not mandatory to include it in a separate item in these guidelines.

=====

The guidelines opt for minimal information. Mentioning hypergraphs allows for greater comprehensiveness, although it also expands the list of options, some of which are not always commonly used.

=====

Again, there is redundancy, but I respect your choices. When defining the type of network, you can include several inner bullets to allow users to identify them quickly.

=====

I would like to suggest that we adopt multimode networks as our primary submission format and keep hypergraphs as an optional extension for the upcoming guidelines.

For many researchers in the social sciences, the multimode framework is significantly more intuitive. It mirrors the way data is naturally collected and remains fully compatible with standard software like igraph or NetworkX. Introducing hypergraphs as a co-equal standard may cause unnecessary confusion, as the mathematical ""set"" logic can feel quite abstract in a social research context. By keeping hypergraphs as an optional, secondary extension, we can provide a pathway for advanced computational modeling without creating a barrier to entry for the broader community.

=====

I think hypergraphs are not networks to begin with and should be sorted out earlier in the questionnaire. They muck up all sorts of descriptive statistics, too (clustering to begin with).

=====

Should probably note that in many cases this opperazionalized as complete cliques.

=====

Distinction between hypergraph and simplicial complexes

=====

Higher-order graphs don't necessarily require hypergraphs. For example, simplicial complexes admit multi-node relationships through faces.

We might think a hyperedge is appropriate when the relationship is asymmetric or directional, like sending one email to many recipients. On the other hand, a shared exposure or group interaction is symmetric and implies all sub-interactions, which is captured by a simplex. 

These are different mathematical objects serving different modelling purposes, and the literature in sensor networks and epidemiology already operationalises this. In SNA this might be reflected in the differene between sending an email and denoting a family group. The group wouldn't be covered as faithfully by a hyperedge. 

=====

The hypernetworks can be described as bipartite networks linking nodes to hyperlinks. 

=====

I'm not sure exactly how I would document this in a manuscript - is it intended to be a yes/no question that authors affirm/deny in their manuscript?"
"size",80,25,3,"I had to think for a moment what this meant: ""count directed edges separately.""

=====

I believe in the guideline you mean ""maximum number of EDGES"", not nodes

=====

But if all weights are positive, then the edge count is ~N^2 for a weighted graph. Should maybe the edge weight mean and variance be reported?

=====

The guideline has a typo. In: ""If multiple (see 1.2), report the mean, standard deviation, minimum, and maximum number of nodes across the waves or networks."" 
it should be ""number of edges"" not ""number of nodes"".

Moreover, I have some concern related to my earlier comment regarding relational event networks in which case there are no waves.

=====

some journal assume size is the number of nodes, not number of edges

=====

I wonder if for longitudinal networks it makes sense to report this for each network rather than using summary statistics?  It seems helpful to know whether ties are forming/dissolving in consecutive waves

=====

'edge size' sounds weird. I know that it means 'size of edge set', but it is confusing to me. Why do not you write 'number of edges'?

=====

Same as above on whether it might be more informative just to enumerate the number of ties in each wave for e.g. waves <= 3?

=====

Agree, but the number of edges should come before very special cases like the hypergraph...

=====

As a minor suggestion, the second sentence could be revised to clarify that the summary statistics refer to the number of edges rather than nodes, to maintain consistency with the focus of the item.

=====

If hypergraph, report all the hyperedges in the data including those comprising of only a single node (e.g., a solo-authored paper).

=====

Well, almost one of the most important item, and located at the end of the survey. This item is just ti put a natural number and that's it. This must be placed afte the meanin of nodes, whiout no definintion of the type. 
So much redundancy. 

=====

Just like for item 2.4, I would extend the notes with examples for various situations (e.g., summarized edge information across networks)

=====

Is this ""size"" or, rather, ""number""? This could be confusing for hyperedges, because they have a non-trivial size.

=====

edge count is naturally derived from average degree

=====

The amount of detail needed depends on the context. Some information may be referred to the original source if not needed for the purposes of the study at hand. 

=====

I think the notion ""network size"" should be reserved, in social network analysis, to the number of nodes (social system size), not the number of edges. 

=====

For nodes, you call this ""order"" and mention there that it is also often called ""network size"". Here you call it ""Size"" and mention that it is also known as ""graph size"". There is no consistency; and basically both are called the same.

For both nodes and edges, I would call this the same. e.g., ""cardinality"" (or whatever you decide, but the same for both)

There is a typo under ""reporting guidelines"", you say ""If multiple (see 1.2), report the mean, standard deviation, minimum, and maximum >>>number of nodes<<< across the waves or networks."" But it should say ""number of edges"" (not nodes).

Also, for consistency with 2.4 (Order for nodes) I would list here ""If multiple"" first and then ""if multiplex"" - just to be consistent.

=====

Confusing w.r.t. terminology used for node count in section 2 (see previous comment). I would use ""Number of edges"" or ""Edge count"". The size of a graph may very well be its node count as well, that term is not reserved for just edges.

=====

In multiplex you can also ask for sttistics of the number of edges in different layers

=====

In the case of signed or weighted graphs, I do find it important to report the distribution of weights or positive and negative weights. I would personally add:
- if weighted network, report mean, SD, min and max of weights
- if signed network, report number of positive and negative edges

Also, there is a typo in the last sentence ""number of nodes"" -> ""number of edges""

=====

There has been a wee bit of confusion in the literature about whether this represents the observed edges or potential ones. I believe you are taking the conventional approach that it is the observed. Just worth flagging.

=====

I would add the median to the list.

=====

In the final sentence of the reporting guideline, it says to report the mean, SD, min, and max number of nodes across waves or networks. I think this should say number of edges. Moreover, I would also consider adding that in signed networks, positive and negative edge counts may be reported separately.

=====

haven't we covered this already? 

=====

I did not catch this earlier, but some in the field use the term 'size' to represent the number of nodes in the graph not the number of edges (e.g., Wasserman & Faust).  The definitions are clear for both 'order' and 'size' - but, in some contexts it may not be consistent with the terminology across fields.  

=====

If ""order"" is renamed to ""size"", then maybe this could be ""number (of ties)""? That word isn't taken yet...

=====

Suggest striking this for two reasons:
1. This pertains to structure and should therefore be in Section 7. In fact, it's largely redundant with Item 7.2
2. ""Graph size"" is just as commonly used to refer to the number of nodes, i.e., the order. Using it here would be confusing."
"method",74,31,4,"As commented in item 1.1, this may be merged into the source. 

=====

None of this reporting should be 'optional'. Though I acknowledge the guidelines commitment to 'minimum information', the method of data collection is imperative to the function of the network and what it represents. This should always be present in the reporting of the data.

=====

*boundary* - not 'bounded'

For the simulation, I think the theoretical foundation/justification for parameter choice should NOT be optimal. It is one of, if not the, biggest critique point non-simulation researchers have with simulated data.

=====

Perhaps this is the moment to point out that, in the case of personal network studies, it is usually important to report the characteristics of the sampling.

=====

Information for section 4 better fits with as a part of section 1, since many of these information for method dictates the nature of the data.

One thing that should be definitely shared the name generators. There are more evidence that activation of network cognition is sensitive to how and what they are asked, even though the underlying network is the same. So, this must be shared, especially in ego network studies.

=====

I understand this as a bit of a catch-all. Which is fine, probably necessary, but will it include guidance that there should be enough detail here to facilitate replication/reproducibility? Or is the aim to provide just enough detail to understand the results? E.g. should they declare which software and which random seed they used, or is this detail that can be left for the replication script?

=====

I think that observed networks should be required to provide data on collection methods - either in the main or supplementary materials - if there is not a citation that provides this information. Without this information the meaning of the network is very hard to determine. 

=====

""how the network’s ""bounded"" was defined"" --> boundary?

=====

As a minor suggestion, the phrase “how the network’s bounded was defined” could be revised to “how the network boundary was defined” to improve clarity and correct the wording.

=====

For both, it should perhaps mention software that was used to collect the data (e.g., administering a survey in Qualtrics) or to generate the data (e.g., using the function xxx() in a package yyy in R).

=====

This have to be metadata and in synthetic ones, the author should be upload the code to replciate them. Otherwise...

=====

Typo in the Guideline box for observed networks: “… how the network’s bounded was defined…” should be network’s boundary

=====

""how the network’s bounded was defined"" --> Change ""bounded"" to ""boundary or boundaries"", or possibly ""boundedness"", but probably one of the former two options.

=====

""the exact wording of the question(s) used to collect data"" should not be left optional but it should be mandatory. Same for ""how the network’s bounded was defined""

=====

I don't understand how a list of mandatory minimum information can contain optional elements

=====

The sentence ""how the network’s bounded"" sounds awkward. Also, the data-generating model can be any statistical model, e.g., ERGM or SAOM.

=====

Depending on the context of the study, it may not be necessary to include all such details for externally-provided data. Minimum is to report whether observed or synthetic, and in the latter case, the name of the generating model if it's a standard one. For a non-standard data generation model, the details should be provided.

=====

For synthetic data, I would explicitly add under notes also ERGM and SAOM as models to generate synthetic data. For example, the faux-highschool data sets are synthetic, ERGM-generated ""digital twins"" of observed AddHealth data sets.

=====

as in the beginning, I don't know how ""archival"" is a source for observed data.

In notes you should add that in case of multiple synthetic graphs, the user should just explain the model and range of parameter values used (not all for each instantiation).

and for citation be more specific. If I use a library, should I cite that one? or the paper that proposed the graph model? I would say the library (as the manuscript probably already cites the paper) - but I would be fine with both (or have an item specific for the library/package used)

=====

If you are setting a standard, don't give OPTIONS. This is confusing. What exactly do you need the Reader to know from this table row? Also, I would expect to see this section much higher up the order (maybe Section 2).

=====

Maybe combine with 1.1

=====

synthetic example should maybe include something more complex like a statistical model such as ERGM or latentspace model.

=====

If the model is not among the standard ones provide the reference

=====

For me, this is one of the most important part of the data description, and I find the current item a bit unspecified. I would at least also like to know:
- are the edges self-reported or not?
- if self-reported, what kind of name generator was used?
- if not self reported, what is the source?
+ the exact wording or identification criteria for the edge definition (that I don't think should be optional)

=====

In historical network analysis, it is important to say a bit about identity of nodes nodes and how certain one is about identity, e.g., when names were not standardized.

=====

Fine, but consider to include units of observation (for instance, events, where 2-mode networks can be built event-to-attendants)

=====

I often create networks from survey variables (i.e., connecting occupational combinations between husband and wife that occur more than we would expect by chance; or connecting variables which correlate with each other). I suspect in time using AI to create ties will become common (i.e., a network of people photographed together at awards shows). In those instances, survey data and photographs are what should be used, but it might feel like it's generated data which it's an algorithm creating it from raw data. Perhaps changing the first sentence in Notes to 'collecting raw data' rather than 'network' data would be better. There will be instances were network data is generated from non-network data, and it's the non-network data which should be reported (perhaps alongside the transformation process).

=====

For observed data this seems like an omnibus question that summarizes multiple previous questions

=====

There is a typo in the guideline:  'how the network’s bounded was defined' - I think that 'bounded' should be 'boundary'?

=====

""network’s bounded"" -> network boundaries
also the definitional time aggregation window for edges

=====

I think there is a small typo in this sentence: ""...including (as applicable): how the network’s bounded was defined."" I think it should read ""how the network's BOUNDARY was defined""

=====

There is a small typo in the first paragraph of the description: ""bounded"" should likely be ""boundary"".

=====

Sometimes people create new models for this. In that case, there is no citation associate but the contribution itself? 

=====

Typo: ""how the network’s bounded was defined...""

Data from simulated networks could be more clearly described. Especially, more empirical bases for generating networks (e.g., ERGMs) where many decisions go into fitting a model, assessing goodness of fit, and deciding where to consider the goodness of criteria to be adequately met. Sharing the code is a minimum criterion, but sometimes not sufficient to ensure reproducibility. 

=====

bounded -> boundary; also, discussion of egonets should be moved from Item 2.3 here."
"ethics",91,12,6,"This may be merged into item 1.6 (Data).

=====

If the process was subjected to some national or international law, state it, e,g., ""Data acquisition, processing and storing is compliant with EU GDPR""

=====

The optional should be mandatory, but can be a footnote.

=====

Many community-based Participatory Research projects undergo additional oversight and/or regulatory bodies, these should be named if it is the case, do not just rely on Academic IRBs as the only means of ethical review. 

=====

Should the ethics approval number be reported as well.

=====

It is very difficult to assess this question. I would change it by adding a sentence in which we state if or not the data has been previously assessed by an Ethical authority (the university, the research centre, or the company who collected them).

=====

I think authors should report on ethical aspects in all cases - also when they think there is no ethical concern. The problem is that what is an ethical concern or not is subjected to interpretation and it is important that authors disclose why they think there is no ethical issue in their work. I think caring about ethics is always a good exercise and we should always engage with it.

=====

I think all studies on human participants require ethics approval, so I don't see room for subjective judgement here

=====

A statement of ethical approval should be there, but the level of further details depends on the particular context and may be hard to classify as ""minumum information to be reported"".

=====

This should be dealt with long before the paper ever gets into this format. The answer to all of this should be ""no"", so it does not need to be in the reporting guidelines.

=====

I don't think this is specific to network studies.

=====

This and 4.1 could also be under section 1 on the data, it feels ""off"" here.

=====

Not 100% clear, in a digital era and working with digital data, what can be considered ethical. The ethical issue deserves almost a new entire guideline

=====

""If the data or their collection could present ethical concerns"". I thought we always divulged irb status

=====

Given ""the items should be reported somewhere in the main text of a manuscript, typically in the methods section."" I do not think it is appropriate to list the specific approving entity as this reduces the integrity of the 'double-blind' review process.

=====

but not synthetic

=====

Ethical reporting should probably be the default for human networks? Given the structural re-identification risks unique to network data. That's one of the first questions I see that most non-network researchers ask me, and it might be good to state the ethical considerations and approval process upfront, especially for non-network audiences who read our work. 

=====

Network data collection may not always fall under the legal definition of research."
"degree",94,11,3,"it's important when it happens, but it's very specific. I dont think its a general guideline

=====

Limitations here are explicitly related to the method of collection; this is counter to making details of the method collection optional.
How does this also relate to where limitations are known to exist, but their extent is not (i.e. lost / missing archival data)

=====

If restricted, should we also have authors report how many nodes hit the cap on degree?

=====

This is hard to say. The guideline is sort of assuming social network data analysis. It may nerve network researchers who are reporting non-social networks. For example, in the case of brain networks, it depends on the parcellation or the brain atlas. In a sense, the degree calculation is perfect, if we assume that the parcellation is ok. However, obviously, if we use a different brain map with more nodes, the degree increases.

=====

Is this noted as a range? E.g. <=5, ==3, etc? Or are two values expected, for the minimum and maximum?

=====

We need the data, the degree is something we can do by ourselves in any prog language

=====

report the percentage of nodes that reached the nomination cap or fixed choice limit to help gauge how much the constraint likely underestimated the true network degree

=====

This should be reported for each type of node, if multiple types of nodes are present.

=====

Useful information but hard to qualify as a ""minimum to be reported"".

=====

Again with my previous comment, rephrase the ""name generator"" wording.

Here I would also add as a note that synthetic networks also count. For example, m in the Barabasi-Albert model indicates the number of edges to add per node, which at the end turns out to be the minimum degree of nodes.

=====

I don't think you need to explain constraint separate from range, as you would for all of the other variables.

=====

It's ""max possible degree"" / ""Degree ceiling"" rather than ""degree"" given that this is about reporting the potential right censoring in data collection.

=====

seems too specific. What if you present a model methods section that fully described the data collection process? The answer to this question should be part of an integrated narrative about how the data were collected. 

=====

This is with regards to the section description above this item: note that you're only capturing limitations due to missingness. There are many other ways in which the data might be biased or limited (e.g. in the way the name generator questions are phrased), so maybe just call section 5 ""Missingness""?"
"missing",79,27,3,"The notes include a typo ""it is important because “because it ...""""

=====

in the notes writing there's: because “because...
Again, it's very specific... 
If included, what happens if the number of nodes is unknown or uncertain(therefore one can't compute the percentage of missing nodes)? What would be the guideline in that case?

=====

I feel this should be included but the discussion is unclear. Coming back to my school example, typically a few percents of the students do not come to the school on the survey day. Are these ""missing nodes""? They failed one wave but they may be present in other waves, how would this be included? I believe this needs further clarification, but maybe I'm being too specific about my problems

=====

Limitations here are explicitly related to the method of collection; this is counter to making details of the method collection optional.
How does this also relate to where limitations are known to exist, but their extent is not (i.e. lost / missing archival data)

=====

Add that in cases where we have partially missing edges, the proportion/number of those needs to be specified as well (e.g., I have trade network data where the data can be split in 2 groups - we know trade within A countries, from A to be countries, and from B to A countries, but there is no record in the data base about B to B trade, leading to missing edges but not missing nodes.)
I see that you have a separate spot for this but I would put that into one and maybe explicitly talk about edge-missing, node-missing, and when it comes to longitudinal data, wave non-response (see Huisman and Steglich, 2008).

If this is about entirely unknown nodes, I am feeling Rumsfeld talking about ""unknown unknowns"". How is one to know that nodes are missing?

Further, ""when nodes that are members of the system represented by a network are missing from the network"" sounds both self-evident and incomplete. If I send a survey to a classroom with full consent, some students might be sick and not respond. They are still part of my network data collection (e.g., we have their incoming ties), according to this definition, they would not be missing though.

It is also crucially important that people report how they treated the missing data.
All missing data must be treated in some way, otherwise all answers will simply be NA.

=====

This section seems to cover missing nodes well, but not any known missing edges. Suppose I had a network derived from a name generator question— ego nominates alter, but alter doesn't take the survey. If we choose to keep alter in the network, we know that alter exists in the network but don't know if they would have any ties to report had they taken the survey. Something distinguishing between the number of nodes reflecting participants v. nodes merely reported by participants could be useful.

=====

Typo here, ""because"" is duplicated.

=====

What if amount of missing is unknown?

=====

I think there must be some guidelines for (dynamic) multiple networks that were measured in multiple points in time, especially if the network represents an open system, such as firms with people frequently joining and leaving the network.

=====

Typo: ""report report"" --> ""report"".

=====

Ego and unbounded networks still contain missingness, based on non-response of various kinds (non-contact, refusal, loss-to-follow-up). I would recommend including some measure of this, since it gives an idea of the potential for bias introduced.

=====

What about the missing edges?

=====

To me, this seems to be applicable in special cases, but not generally! I work with networks describing small-scale resource use systems and I would (in most cases) not be able to say which percentage of nodes is missing.. In the system's I work in, it is very difficult to know the exact boundaries of the network one is looking at (where to draw the line is often arbitrary to a certain degree). If a reviewer forces me to stick to GRAND (as it is the minimum minimum standard for reporting as stated) I would struggle. Doubling of ""because""

=====

The guideline is clear. As a minor suggestion, the phrase “report report the mean” could be corrected to “report the mean” to remove the repeated word.

=====

""Report"" is duplicated.

=====

It would be good to ask for a description of how the nodes being measured were chosen. Not just the numbers, but how selection was done.

=====

what if it is unknown? Is the text then, ""There are an unknown number of missing nodes""?

=====

Request a description of the method used to handle the lost data, for example, imputation. See: Huisman, M. (2009). Imputation of missing network data: Some simple procedures. Journal of Social Structure, 10(1), 1-29.

=====

'report' is doubled in the guideline.

=====

It would also be ideal if any trends present in missing data were reported (e.g., one category of nodes had far more missing values than other categories of nodes), as this can be important to interpret the network.

=====

While I like and agree with the quote in the notes, I worry that ""may render the entire analysis meaningless"" is a bit out of tone with the rest of the guidelines and may cause undue stress to a researcher given that missingness is present in many data sets. It's also a generalization that may be more or less true given the analysis goals, for example: Smith et al. 2017. Social Networks. https://doi.org/10.1016/j.socnet.2016.04.005

Also, just noting that ""report"" is repeated in the second paragraph of the Guideline section and ""because"" is repeated in the notes section.

=====

Add OPTIONAL: if reason for missing is known it should be reported (i.e. refusal VS absent)

=====

Useful but hard to qualify as ""minimum to be reported"". For example, why must the standard deviation be reported as a minimum?

=====

First, what you describe for the ""bounded whole network"" can also happen for the ""unbounded whole network""

Second, I would not consider these cases as missing.
To me, missing means these nodes were impossible to gather and they are not the ones we decided not to account for in the ""boundary"" criteria (what I called ""Selection"").

When we have a bounded case (what I called pre-defined) we made an up-front decision of selecting some nodes for xyz reason (eg. we only want to study politicians). In the unbounded case (what I called criteria-based) is the same, I only focused on some nodes, it was an up-front decision.

In both cases, we can have missing nodes for ABC reasons (other reasons different from the same xyz I used for ""boundary""). Here one should rather explain what kind of missingness the data presents: at random, not at random, completely at random; For both nodes and edges.

You write to report stats of ""this value"" when the network is ""multiple"" - First, what is ""this value"", second, how? if these are missing how would I measure mean, std?

=====

One important point to report is also related to composition changes. Some nodes might not be ""missing"" in the way you describe (because they did not want to respond for example) but the nodeset might be varying as some nodes enter or leave the sytem (when people join or leave an organization for example). This is a very important information for many analyses that should be added I think (probably in another item).

=====

The word ""report"" is repeated twice in 1.2

=====

Should be part of larger narrative about how missings were handled and what the final N was.

=====

It would be important to disclose any known demographic information about the missing nodes.

=====

There is a typo in the guidelines: 'report report the mean,'  - delete the duplicate 'report'.

=====

When missingness is difficult to quantify, we should give researchers the possibility to simply discuss/flag missingness instead of setting a quantified reporting as the minimum standard.   "
"unmeasured",78,24,5,"How about adding “within the analytic node set” to avoid confusion when boundary changes across waves or after exclusions?

=====

I agree with the importance of capturing missingness of uncertain edges/nodes but if unknown or uncertain there's no way to compute a percentage of missingness (or provide one method to do so)

I'd suggest one single item of limitations (including 5.1, 5.2 and 5.3)and as a final guideline (after 7. structure)

=====

This connects with the previous point. Missing edges may arise from somebody not being present in one of the surveys. However if the network is directed edges may still exist towards the non-respondent nodes. I don't quite know how to include this here but it seems to me it should

=====

Limitations here are explicitly related to the method of collection; this is counter to making details of the method collection optional.
How does this also relate to where limitations are known to exist, but their extent is not (i.e. lost / missing archival data)

=====

See before - I think this is just a form of missing data and should be described as such.

=====

This sort of gets at my previous comment about 5.3, but it may be easier to report a percentage of nodes for whom ties are not known, rather than an estimated percentage of edges in the network not known.

=====

In my opinion, there are two different situations here. If the presence or absence of certain edges has not been measured, it is possible to calculate their percentage.  However, if the presence or absence is unknown, it will be extremely difficult to make an accurate calculation. Does this item mean that a procedure to determine hidden nodes should always be used?

=====

This is somewhat confusing to me, especially in comparison with the previous section (""missing""). I would need some time to process it and understand how it should be applied in practice. Perhaps we don't gain that much from this precision and this section could be omitted.

=====

it is conceivable that the researcher will not be able to compute the actual amount missing but still know that there is missing links - such as when collecting criminal network or terror network data - so allow for best estimate

=====

What about ties that are essentially fixed, e.g. structural ones or zeroes in statistical network models?

=====

I would recommend a concrete example here, the item was not immediately clear to me, so I'm not sure that users will be able to assess whether it applies to them easily

=====

I'm not sure. If dataset is incomplete, what is the rationale behind the idea of reporting an incomplete dataset?

=====

Let's expand this (and the examples) to cases with boundaries. More than reporting the percent not measured, this should also ask for a description of how edges were selected for measurement.

=====

Is ""all possible edges"" relative to the number reported, I presume?

=====

Or if unknown, list reason why — perhaps

=====

Similar to my suggestion to the previous question, it would be ideal if not only the *counts* are reported here, but *trends* in unmeasured values were also reported, where possible.

=====

Hard to quantify in most situations. Maybe allow for a qualitative assessment?

=====

only makes sense if node response rate is not reported

=====

if relevant to the research question 

=====

For external data it should be possible to refer to the original source for the details, unless they are relevant for the study at hand

=====

While reporting the percentage of missing edges is standard in contemporary data, it presents a significant challenge for historical research based on fragmentary archival sources. In such cases, I suggest that instead of a precise percentage, the author provides a qualitative assessment of uncertainty. This could involve discussing the limitations of the specific holdings or indicating where 'archival silences' might obscure connections that likely existed but lack empirical traces.

=====

(see my previous comment)
I would not call this ""unmeasured"" This is the same as missing (nodes) but for edges.
Both should be under ""Missing"" or ""Missingness"".

As before, it doesn't make sense (to me) to report the % of edges missing, as I wouldn't know which edges are those (they are missing after all).

Since an edge can be absent for two reasons:
- A knows B and should be connected, but in the data this link is not present
- A doesn't know B and vice versa, thus this link shouldn't exist
I would add this distinction in the ""Notes"" and that we mean the former for missing edges.

=====

I see the value of this information, but it clutters up a presentation that is about what IS there, not what is not. I think textual treatment is sufficient.

=====

Not sure how mandatory this should be apart from the existing items. It might require more clear guidance about unknown unknowns in the egocentric context. 

=====

Excellent. Following that, two density metrics should be calculated with different denominators

=====

I think this is confusing as it's asking people to say whether a tie is missing because it doesn't exist or whether it's just not reported. That's always impossible to answer as there will be some fuzziness (i.e., a respondent forgot to mention it; or a link would exist if the archive included 1 extra document). I would change it to 'Measured' and switch it around. So RG would be 'Report the percentage of all possible edges that meaningful data has been captured on (i.e., we know whether an edge is present or not).' I think having it that way around, with it being 100% measured in most cases would work better and is more intuitive. The notes would work if it was that way around.

=====

In properties of nodes and weights some special values can be used to indicate cases such as ""not applicable"" and ""not available"" or ""missing"".

=====

this one might be difficult in some cases

=====

Same as previous question.
"
"symmetrizing",97,10,2,"Optional should be mandatory

=====

I think this should be described in the part of the guidelines where the author says whether it is directed or not directed. 

=====

I don't undertand this. If the idea is reporting final network, no transitional networks.

=====

I’m not sure how “report the transformation method” and “provide a detailed description of the transformation method” are different. Both should be required. Transformations can fundamentally alter what a network represents and reproducibility necessitates the detailed description.

=====

Include an example without using mathematical notation

=====

OPTIONAL: Provide a detailed description of the transformation method. This should not be optional

=====

I think exact transformation mehtod should always be described

=====

I would consider the ""optional"" details of the transformation to be more important than the ""required"" percent of connected dyads.

=====

Useful information, but I wouldn't ""ding"" a paper that did not include this.

=====

I feel like this is getting into the weeds of data transformation in a way that is often important but its importance would be study specific. 

=====

Shouldn't all transformations of the data be reported?I realize that you are not telling us how to report all this information but rather trying to specify what information should be included in the narrative, but there is something irritating about the specificity.

=====

Suggest removing notation from the notes and describing what is meant using words."
"binarizing",93,12,3,"Optional should be mandatory

=====

A description of the dichotomization should not be 'optional'.
Personally, I think that the robustness of any dichotomization should be tested but I understand if you don't want to put burden of rigorous work on people ;)

=====

Similar comment to the previous items. Its better to upload the weighted version and I see how to binirize them in term of my research question

=====

Same comment as the previous question. This is confusing verbiage.

=====

report the density of the network both before and after binarization to clarify how the transformation affected the overall graph structure.

=====

OPTIONAL: Provide a detailed description of the transformation method. this should not be optional

=====

Might not always be meaningful to report the percentage. Make it optional?

=====

why only those that were deleted?

=====

This item contradicts the instruction at the beginning of the guidelines: ""These guidelines should be used to describe the final network(s) upon which analyses are performed"".

=====

See comment to 6.1

=====

I have no idea what this is. I wouldn't report it in my own work.

=====

Similar to the last one - this feels very study specific. Its more guidance on transformations than minimal expected reporting for a network. I don't discount its importance to specific studies. 

=====

This could be previewed in 3.3 with something like ""see also 6.2"". I know the intent is for people to use all of these guidelines, but those sorts of internal references might help to reduce accidental omissions.

=====

Though it's reasonably clear, I believe ""dichotomizing"" is a more commonly used word."
"projecting",93,14,2,"The OPTIONAL part should not be optional.  Ideally, it is a short verbal description AND a pointer to the code that performed the transformation.  The code should be available in an open science repository.

=====

Optional should be mandatory

=====

I think detail is always important - can be supplement though.

=====

researchers differ on whether some data is network data e.g - in the text analytic field co-occurence network for concepts is considered a network - in other fields co-presence is considered a network - so the whole notion here needs some clarification

=====

I think that the OPTIONAL request should actually be MANDATORY. It's important to know which type of bias/limit affects the network, it's not sufficient to say 'built using granger causality', but it is needed to specify the parameters used for the transformation and eventual thresholding, if any. Even the implementation of the method might be relevant, since some libraries come with distinct default values for the same algorithms, and this introduces differences.
Also, some network links can be the outcome of stochastic procedures (like deviations from averages over a set of null models realizations). This information is crucial to clearly characterize the links. All details needed for reproducibility should be mandatory.

=====

Again, confusing verbiage. 

=====

OPTIONAL: Provide a detailed description of the transformation method. this should not be optional

=====

detailled description method should always be reported

=====

This item also contradicts the instruction at the beginning of the guidelines: ""These guidelines should be used to describe the final network(s) upon which analyses are performed"".

=====

Because projection of two-mode data leads to statistics artifacts (e.g., inflated clustering) people reporting this should be required to report, too, about how they plan to deal with these problems they are creating (e.g., how they intend to interpret results on clustering). I see in the next question you phrase this in terms of ""report your rationale and report the analytic implications"", the same phrasing can be used here.

=====

I would enhance the Notes. Add more specific examples.

eg. a link between two authors if they coauthored at least one paper together. 

=====

You've included some references ""now and then"", although they are relevant, one may wonder why these.
I would suggest to remove them all: people reporting on SNA should know proper references (wishful thinking maybe).

=====

This could be clarified better, e.g., with more detailed examples.

=====

I would not make this optional. ""OPTIONAL: Provide a detailed description of the transformation method.""

=====

I'm a bit confused by the OPTIONAL clause. What would be the difference between a detailed description of the transformation method and the overall recommendation to report the transformation method?"
"excluding",97,12,0,"How about adding ""and whether exclusions were applied before or after other transformations,” because the order (e.g., dropping isolates before projection vs after) can change results.

=====

In the notes I'd give an additional example: ""or if their answers to a survey are clearly unrealistic according to a quantitative criterion""

=====

Optional should be mandatory

=====

I do not get why rationale would be optional.
other exclusions might be false or nonsensical responses.

=====

Revise to ""If any nodes have been excluded from the network due to their network properties""? Exclusions can also occur for non-network reasons, e.g. missing non-network values

=====

When constructing archaeological networks, some nodes may be dropped from specific waves or snapshots because of chronological uncertainty or low precision. Would you include this case in Notes? 

=====

OPTIONAL: Provide a detailed rationale for the exclusion of these nodes, and the analytic implications of their exclusion. This should not be optional

=====

The ""detailed rationale"" gives me pause. I am thinking about text limitations 

=====

Depending on the context, it may suffice if the study says that isolated nodes were excluded, without specifying their number.

=====

in notes mention (if this is the case) that this differs from the complement of the defined boundary and missingness.

=====

It's not only nodes that could be excluded but also edges, right?

=====

Exluding nodes we exclude also the incident links. Also some links can be excluded."
"aggregating",98,9,2,"Optional should be mandatory

=====

What about the merging of multiplex networks, e.g. a range of different social ties into a single 'social' network?

=====

It is better to ask authors to upload the full set of networks, not the averaged one.

=====

Detail should be required. 

=====

Like the previous items, I don't think these transformation methods should be optional but maybe I am missing the difference of what is optional and what is not. Can you give an example?

=====

Once again, this item contradicts the instruction at the beginning of the guidelines: ""These guidelines should be used to describe the final network(s) upon which analyses are performed"".

=====

how detailed? 

=====

Maybe mention as example the common practice of having multiple individuals report their organization's ties in an inter-organizational network, these typically are analyzed not as individuals' networks but as organizations', with individuals' reports being aggregated to the org. 

=====

It just feels a bit fussy for minimnum reporting standards relative to ad hoc transformations. 

=====

Aggregation is used also in producing blockmodels. Both nodes and links are aggregated.

=====

I'm a bit confused by the OPTIONAL clause. What would be the difference between a detailed description of the aggregation method and the overall recommendation to report the aggregation method?

I would also consider recommending that the author report on any inferences made about the type of node or relationship based on aggregation. For example, I have often seen authors aggregate individual nodes up to the organizations they represent in a network. Because individual ties often represent different types of relationships than organization's have with each other, the authors make an inference about the type of relationships the organizations have. It definitely helps me as a reader when this is explicit. "
"imputing",95,14,0,"Optional should be mandatory

=====

If one section had to be omitted, in my opinion it would be the data transformation section. While the other sections describe the properties of the network, this one focuses on how the data were generated through specific transformations. This information could be included in the procedures section or, in some cases, provided as supplementary material. However, I am not sure that it has the same status as the other sections (nodes, edges, etc.) in terms of the minimum information that should be reported.

=====

If link prediction methods are used to impute missing nodes or ties, should the amount of imputed elements also be cited?

=====

Same concern as before, the OPTIONAL should MANDATORY.

=====

As ""imputing"" may not be clear to everyone, think about extending the description of the notes for this item (example?).

=====

Again, confusing wording.

=====

Put some examples. For a review of methods: Krause, R. W., Huisman, M., Steglich, C., & Snijders, T. (2020). Missing data in cross-sectional networks–An extensive comparison of missing data treatment methods. Social Networks, 62, 99-112.

=====

Define imputation procedure

=====

report a performance metric (AUC or Precision) for the imputation method if it was validated against a subset of known data

=====

See previous comment

=====

The note reads weird (""infer the location of missing edges"" sounds like ""when five edges are missing, let's distribute them somewhere int he network..."") I propose the shorter phrasing ""Link prediction methods are sometimes used to infer missing edges."" (i.e., not their location, which is typically known.)

=====

I would not say ""the location of"" simply ""missing edges""

=====

Maybe it could be clarified what is meant by node imputation: is it imputing the existence of nodes, or imputing attributes of nodes that we already know exist?

=====

The list is incomplete. 
In general I would add at the end of each list (1-7) the item Other to provide a place to add some network specific information not foreseen in the Guidelines.

To make nodes comparable network is often normalized. For example by the weight of each link by the weighted outdegree of its initial node or by Balassa normalization.
Projections are a special case of ""derived networks"" obtained by network multiplications. For example from the authorship network WA (works, authors) and the keywords network WK (works, keywords) we obtain the network AK = t(WA)*WK relating authors to keywords. AK[a,k] = number of works by author a dealing with topic k .
Other transformations are used."
"connected",75,24,10,"The note should describe or add a reference to understand what is mean for a ""strongly connected, weakly connected, or unconnected"" if directed.

=====

I don't think it's mandatory for all network analysis (I mean, sometimes it is very relevant, but as stated in the description of ""7. Structure..."", it depends on the research question or analysis).
If the guidelines are supposed to be the minimum information that should always  be reported, then I don't think this item is strictly necessary

=====

I'm not sure how important this is. On the other hand, it might happen that the researchers obtaining the network did not look into this. Plus including the multiple case here (1.2) is kind of redundant. Forcing researchers to work further is not a good thing for the guidelines to be widely adopted. At the very least, allow to say that it has not been computed or it does not apply

=====

Optional should be mandatory

=====

In my opinion this is an optional item. In some cases it is simply not important whether a network is connected or not. For example a coauthor network in a given scientific community may be disconnected (via the coauthor relation) but the members of different connected components may still know about each other because they can read each other's papers. It is simply not important whether it's connected or not. 

=====

How is the measurement of ""connection"" done? It needs clarity by adding citations defining the ""connection"" definition and its measurement. 


=====

This was very clear and easy to understand: ""Report the number of components, fraction of nodes in the largest component, and/or number of isolate nodes."" I think if it is 1 component, they can report that. 

This: ""If directed (see 3.2), report whether the network is strongly connected, weakly connected, or unconnected."" seemed like there may be some fuzziness with the classification of (a) strongly, (b) weakly, and (c) unconnected. 

=====

Unconnected = disconnected?

=====

For ego network, it is all connected (by definition), so that I think there must be an “if” statement here, for example, “if not ego network, report connected”

=====

Suggest an optimal report of the %age size of the LCC?

=====

What are the thresholds for this? ""whether the network is strongly connected, weakly connected""

=====

Declaring whether the network is connected is essential and should be placed at the beginning. But only that. Perhaps there is no need to ask again about the type of network.

=====

I work with school data and I typically have A LOT of separate classroom networks. Some are connected, others not. There is a lot of variation. In such cases, I find the requirement to report on the connectedness of all networks not helpful. This is different when you have only one network. Accordingly, I would recommend not making this part of the required list of things that must be reported.

=====

I think it’s fine to ask, but maybe this isn’t the highest on my priority list

=====

7.1. “If directed (see 3.2), report whether the network is strongly connected, weakly connected, or unconnected.” What is strongly or weakly connected?

=====

I think what is indicated as optional info should in fact be mandatory info

=====

It is unnecessary and bureaucratic

=====

I think most of this should be OPTIONAL.  E.g., whether a graph is strongly connected can sometimes be the research question, so may not be answered.  Moreover, I would let the application dictate whether it is important to know if a network is connected or not.

=====

""Notes"" makes the implicit assumption that all relationships are pairwise, excluding e.g. hypergraphs.

=====

If we are talking about the ""minimum"" information to be reported, the ""optional"" part has little practical relevance.

=====

Unclear how to report weak and strongly connected. I see no clear guidance when it is considered strong and when not, and compared to what, to the context or to all networks that exist? 

=====

This can be entirely unimportant, so I wonder if needed - would call the whole item ""optional"". Number of components is highly sensitive to missing data and measurement error.

=====

How 7.1 is related to 1.2 (Multiple)?

You may add this clarification in the Note.
As I see it, a multiple network is by definition unconnected.
But, a single network, can also be unconnected. 

I would call this ""components"" - to keep it clear and distinct from ""connectivity"" (7.2) 

=====

Surely this is redundant to the information already collected/reported?

=====

I'm not sure this is really something so important that it should be a mandatory item to report. In the case of ego-nets, we probably do not care much about this. For many analyses, this is not particularly relevant (maybe counting isolated nodes is sometimes more important). In general, I feel like it's more case-specific than other items. 

=====

Mandatory to report connectedness by plexity seems overkill for minumum reporting standards as opposed to best practices. 

=====

Report the number of trivial and non-trivial components. we don't really care if there are isolates.

=====

A general suggestion for this entire section is to make it clear that this is for studies employing whole network analysis. If one collected ego networks or is using only ego network measures of centrality such as degree, these disclosures feel like overkill and would likely distract or confuse some reviewers who may not be network scholars.

=====

A very important property of directed relations is acyclic(ity). Acyclic relations are a general form of hierarchy - a level or depth can be assigned to each node. They are very important also algorithmically - some problems can be efficiently solved on acyclic networks.

I would also add the item Other to provide additional structural information (clique number, core number, k-connectivity, color number, ...)

For displaying the results (tables, pictures) alternative labels (abbreviations, codes, translations to other languages) can help. In aggregations some official classifications can be useful, etc.

=====

I am not sure if this recommendation is needed, as it might align with the 4th bullet on the first page.  However, it seems that connectedness may only be relevant in a whole network context or an ego-network with alter-alter ties.  Many ego-centered networks just focus on ego-alter ties, in which case, reporting such structural features may not be feasible.  Perhaps add a caveat to the section in this regard? That is, such structural features are not expected to be reported if not feasible or not part of the research question.

=====

If you want to drop items to lighten the reporting burden, then section 7 strikes me as the place to start (in particular if the authors provide the full network data somewhere anyway). Connectedness is one where I am particularly skeptical of its value. Add one isolate to a connected network and it becomes an unconnected network. Also, a network with two components of equal size is also an unconnected network, but that strikes me as quite a different situation. So how helpful is this information really?

=====

can be optional

=====

I would add a proviso that this should only apply if substantively relevant. Also, suggest asking for distribution of component sizes or summary thereof (e.g., 5-number summary)."
"connectivity",90,13,6,"I suggest that a description of the degree distribution be mandatory.  This could take the form of a histogram or other ways of describing a distribution.

=====

I'm not sure this is actually a sanity check. If I was filling in the guidelines I'd most likely take the numbers reported in 2.4 and 3.8 and divide them, instead of computing it independently. 

=====

I think that mean size of hyperedges in a hypergraph may be too minimal. Better report more about the distribution of hyperedge sizes (min, max, quartiles, median, mean, sdev, perhaps histogram). 

=====

In network analysis or graph theory (particularly the latter), connectivity has a different meaning (such as node or edge k-connectivity). Also, are you interested in automatically calculate the edge density and mean degree if the researcher inputs the number of nodes and the number of edges?

=====

Would this be too much computation for people who are not doing computational work?

=====

Relevant and important, but again: my main concern is the level of redundancy across the items. I am also thinking as an author, a referee, and an editor… submitting a simple set of networks already requires a lot of work, and having to provide redundant answers spread across multiple items adds even more unnecessary burden. The same applies to editors, respectively.

=====

Sometimes medians are more informative, especially in hub and spoke networks. Perhaps loosen the requirement to mean or median node degree.

=====

At this point I think it would be important for the descriptor to be accompanied by an illustrative graph of each type of network

=====

I wonder for ones that have a lot of caveats on the type of network if it's worth just organizing this whole table (part 7) by network type. it's a little hard to follow

=====

Hypergraphs: There are hyperedges of size two, hyperedges of size three, hyperedges of size four, etc. I suggest reporting a summary for each size of hyperedge,

=====

It depends on the context of the study at hand whether these are relevant quantities.

=====

I mentioned this earlier (so I commented in the wrong location!). When I think of cohesion/connectivity, I usually think it is one thing to give an impression of the number of ties (density or mean degree), but also their distribution (level of skewness...approaching a star formation or not). In STEM circles, I believe the view is that all/most networks are skewed (power law) but this is not the case in social science research - certain research contexts may yield more star-like connectivity or higher degree assortativity, and others more even distribution of ties. 

=====

for growth networks, mean degree is meaningless.
So, I would also include some kind of degree distribution characterization. 
Eg. Power law with alpha=1.8 (or something like that for the fitted dist.)

So, this instead of being called ""connectivity"" can be called ""degree characteristics"" or so.

=====

1. Here again, I would not ignore weights, I think average weighted degree is important to report (if the analyses are on weights, we should know the distribution)

2. For hyperedges, it would be relevant to report the SD, min and max of hyperedge sizes. Also, right now this description works for undirected hyperedges but directed hyperedges are not considered. What to do when nodes can send ties to groups of nodes (multiplex ties) or when groups of nodes send ties to other groups of nodes? This seems a bit niche but this kind of data seems to be emerging in the relational event literature.

=====

Density is so conditioned on order that it's use is minimal compared to the mathematically equivalent average degree. Everett, for example, has repeatedly remarked on this. Also average degree aligns better with effective constraints on node nominations. Also, this is extremely tedious to expect as mandatory if you already expect to report order and size. 

=====

Both metrics should reported, not either one or another

=====

we already had number of edges

=====

If you want to drop an item to lighten the reporting burden, then this strikes me as another good candidate. As mentioned in the introduction: trying to find the minimum necessary information and having a ""sanity check"" are two contradictory goals: you either have the minimum necessary information, or you have some additional information that helps you check whether the minimum necessary information is true.

=====

Suggest adding edge count (in addition to density and mean degree) and cutting 3.8.

Either in this item, or in a new item, add ""If weighted (see 3.3) report weight frequencies, distribution, or other appropriate summary statistics."""
"reciprocity",85,12,11,"If the guidelines are supposed to be the minimum information that should always  be reported, then I don't think this item is strictly necessary

=====

Again, not sure. This is already elaborating on the data.

=====

This is helpful but shouldn't be REQUIRED.

=====

Again, why do researchers HAVE TO report that? One bigger idea may be that, if one uploads the edge data according to a certain known format, your website automatically calculates and fill many of those boxes without the researchers having to bother to calculate them. This comment is unrelated to this particular item, but it is a random idea.

=====

Should this accept different definitions of reciprocity?

=====

Would this be too much computation for people who are not doing computational work?

=====

Based on type? i.e. only within the same type? (e.g. positive vs. negative?)

=====

There are two main ways of defining reciprocity (arc and dyad). This should be perhaps specified further. Implicitly, this item refers to the arc reciprocity, but especially non-expert researchers might not be aware of the distinction.

=====

This is something that anyone needing the data can easily compute on their own.

=====

Is this necessary? Perhaps we can make this optional / study dependent. Just a suggestion.

=====

I do  not think this is necessary and would not include it. Why not transitivity etc.

=====

It is unnecessary and bureaucratic

=====

It is unclear why this is an important item to report.  I would make it OPTIONAL.

=====

If directed/indrected edges was reported already, I guess it would depend if it's relevant to the study 

=====

See comment to 7.2.

=====

Currently, I think the default ""grecip"" calculated value in the sna package in R gives the fraction of symmetric dyads (i.e., mutual as well as null are counted as reciprocal); another option is to report the fraction of mutual dyads in total, or only among the among the connected ones, etc. I would therefore ask researchers to report exactly which reciprocity index they are showing (the edgewise reciprocity index you recommend and that also I would like to see, or anything else).

=====

""If known""

=====

I would make this optional

=====

What happens if weighted and directed?????

=====

I don't see this as necessary in minimum reporting so much as best practice. 

=====

Agree but consider to report for weighted directed networks how reciprocity was measured or how to handle reciprocity in weighted directed networks

=====

Suggest removing notation from the Notes.

=====

If you want to lighten the reporting burden, this is another candidate: this information is interesting and useful, but so are many other statistics that you could report."
"change",68,28,13,"use Jaccard coef (prefered) or other similarity indicators.

=====

Same as before. Researchers may not have computed this

=====

It probably makes sense to include a similar measure for node overlap, so that we can capture changes not only in the relationships between entities but also in the entities being modeled themselves.

=====

What about weighted and signed graphs?
Also, if there are more than 2 waves of data, report this for each change-period if less than X(5?), and report min, max, mean, and sd otherwise.
I have also seen first to last wave Jaccard a lot as additional measure, not sure if we want this to be a requirement.

=====

Related to my earlier comment on networks of relational interaction events: there are no waves in such a network (hence no Jaccard coefficient). 

=====

This section has enormous potential. I understand the difficulties involved in deciding on a minimum set of indicators for whole networks or personal networks, but establishing a common denominator could be very useful for conducting meta-analyses and contributing to the generation of new knowledge. If studies of whole networks agreed to report, at a minimum, indicators such as density, number of components, or clustering, this information could be used to compare networks and integrate findings across studies. The article “Network Cards” follows a similar approach. In the case of personal networks, based on my experience, it might also be useful to report indicators such as structural cohesion (e.g., density), the number of cohesive subgroups, and the number of components.

=====

I don’t have a great answer to this, but let me share my thought. In an open system network that has a lot of turnover of nodes, I am not sure whether the Jaccard index on edges will be the best metric to report. Jaccard index of nodes could be also useful, here, yet this may require more data work to report. If there is a better metric that can combine Jaccard indices for edge and nodes, I am all ears.

=====

'temporal waves'. This is much like social network analysis. It is a lot. If one wants to share a temporal network data, they do something simpler, right (to provide a list of time-stamped edges). Some website successfully do that (such as Jure's @ Stanford). Why do researchers have to report that? Or does AI help the task?

=====

For each period, or average Jaccard coefficient if more than e.g. 3 periods? Are other measures accepted, e.g. Hamming or some correlation measure?

=====

If the membership of the network can change over time, should a measure of node change also be included? A Jaccard based on changing nodelist will amalgamate change in nodes and edges - which may be desired or not? 

=====

Would this be too much computation for people who are not doing computational work?

=====

""at different moments in time""? see earlier comments on ""wave"". What about changes in nodes from t1 to t2? How is this to be handled?

=====

The notes could briefly indicate that the Jaccard coefficient is one commonly used measure of change, but that alternative similarity measures may also be appropriate depending on the type of network and research context.

=====

For weighted data, Jaccard coefficent are only partially informative. Perhaps graph correlation should be used if weighted (together with Jaccard index)?

=====

Totally disagree, tha jackard index, again, is something that easily can compiute the one who need the dataset.

=====

Call this ""Change over time"" rather than ""Change"" -- which could imply spatial or conditions variation changing the network.

=====

This doesn't feel like a necessary statistic for a minimal list.

=====

I am a big fan of all sorts of fancy graph distance measures, and I feel like a commitment to jaccard could be a bit restrictive. Here might actually be a useful opportunity for more qualitative description. Not sure

=====

I believe that in addition to longitudinal studies, it would be important to report the Jaccard coefficient when describing separately networks made up of the same actors in which different types of links are analyzed (e.g., exchanging information, providing social support among members of the same department). Similarly, I believe that the p-value should be reported along with the Jaccard coefficient, as is usually the case when describing results of non-parametric permutation tests. Krackardt, D. (1987). QAP partialling as a test of spuriousness. Social Networks, 9(2), 171-186

=====

also report the number of nodes that persisted versus those that were added or removed between waves, as Jaccard alone can obscure whether change is driven by edge turnover or shifts in the node set.

=====

It is unnecessary and bureaucratic

=====

One might also choose to report the % overlap as something easier for non-network audiences to understand

=====

I suggest removing the Jaccard coefficient requirement; there are ways other than Jaccard coeff to report changes/similarity of networks over time.  

=====

There is an implicit assumption that temporal network data are discrete-time network data. If temporal network data are relational event data or other continuous-time network data, the rate of change over time should be reported.

=====

See comment to 7.2.

=====

I suggest using timeframes instead of temporal waves, as previously indicated.

=====

also the Hamming distance is informative. When Jaccard is low, but Hamming high, there still can be enough information in the data to estimate a typical  LERGM or SAOM specification.

=====

I would call this ""Temporal consistency"" as change is ambiguos (as if I changed the original data).

I wonder whether this should be moved to 1.2 (I suggested to have 1.2 waves and 1.3 components) - so it makes more sense to immediately report the consistency here.

=====

I thought we didn't use this anymore?

=====

I would make this optional

=====

This is quite a lot to ask, but not completely unreasonable.

=====

I'm unsure how this would apply to relational events.

=====

Jaccard is very prescriptive here and has lots of issues as a measure. This, again, is a best practice matter to me. 

=====

Jaccard is fine for binary ties, but it is too narrow for weighted, signed, or some directed longitudinal networks. I would recommend to report changes using similarity metrics according to the data type

=====

I agree with ""report the similarity of consecutive waves"". But why are we telling people to use the jaccard coefficient? is it is not always better than the alternatives. Tell people to report change and to justify the measure of change.

=====

Why Jaccard? Too specific. Other options exist.

=====

Another candidate for lightening the reporting load. Also: is it clear how to calculate the Jaccard coefficient if nodes leave or enter between different waves or if there is missingness in edges?

=====

choose different item name

=====

Due to the prescription of using the Jaccard index, I would consider labelling this item as ""stability"" for clarity.

It might also be useful to ask for the stability of the node set(s) as well, as this can help the interpretation of edge stability.

Would authors be expected to report these for each consecutive pair of observations? Or just the usual mean/std/min/max if they have several waves?

Lastly, would it make sense to highlight that edge stability should be reported separately for each type of edge in multiplex networks?

=====

Perhaps the guideline might be better framed as ""report a measure of between-wave similarity"" and suggest Jaccard as one option? It may not always be the most meaningful option for noting network similarity.

=====

Jaccard coefficient strikes me as too prescriptive. I would offer other options as well, such as number or proportion of potential edges added and number removed, etc.. I would also extend this to multiplex networks where appropriate (i.e., overlap between edge types)."
"edit",93,0,17,"While these guidelines are very detailed and will certainly be helpful, I can foresee cases in which visual network analysis methods or other social science research methods (such as semantic networks) are used where requiring authors to fulfill all of these criteria would not be useful or productive for promoting network methods in these disciplines. Many researchers in cultural studies who are interested in network methods are not computationally skilled enough to meet all of these criteria. Still, I would suggest encouraging authors to follow these guidelines as much as possible.

=====

As said above: there might be good reasons not to follow some of the guidelines in a particular study/manuscript. (Although most of the guidelines seem to be very appropriate for many or most studies/manuscripts.)
Better foreshadow the academic freedom (of not following some of the guidelines) early on in the preamble of the guidelines.

=====

I think the whole notion of a guideline that we hold authors to is nonsense.  This is a solution in search of a problem.  

=====

I think that there is a significant difference between introducing a new network,  or applying to existing data in a theory based manuscript. In the first case,  I would say yes, in the second case,  I would not mind less information 

=====

I said in some comment boxes above. It is too much. It is certainly a good practice if people follow that. But it is much burden. We are all spending a lot of time on compliance issues in all corners of our professional life. As a good researcher, I would try to report what is necessary in all of my papers. But not this much. Why do I have to inspect whether my network is N-partite. Why do I have to align my temporal network data in temporal waves? Why do I have to measure reciprocity if my network is a directed network? One idea is that your website, say, does it automatically by pre-built algorithm. Another idea is to let AI do that.

=====

The guidelines could be improved by clarifying that they are intended to be flexible and applicable across different research traditions and disciplines that use network analysis. Providing guidance on which items represent the minimum core information expected in most studies, and which items are context dependent, would help reviewers apply the guidelines more appropriately across fields. In addition, including examples from different types of network research, such as social, organisational, ecological, or computational networks, could help demonstrate how the guidelines can be adapted to different disciplinary contexts.

=====

The work you are doing is important, and I truly appreciate your initiative. I am glad this project exists, and I want it to succeed. However, as in all scientific work—and following Occam’s razor—simplicity is usually the best approach. There should be a set of mandatory data fields that allow users to quickly determine, at a glance, whether a network is useful for them. If they are interested, they can then move on to the metadata.

Regarding the metadata, many of the items you defined overlap in meaning. As an author, I do not want to spend time producing a redundant report about my networks; I simply want to share them and move on to other work. As a referee, I do not want to spend time checking so many fields that repeat the same information. And as an editor, I do not want to see calculations about the network—such as average degree, Jaccard index, or similar metrics—that users can easily compute themselves.

This is just my humble opinion, and once again, thank you for your great effort.

=====

These guidelines are extremely long and will make manuscripts tedious to read (and write). I am not sure whether such guidelines are needed at all and what function they serve apart from creating a bureaucratic monster that can be used to annoy authors in a review process and raise the profile of the authors of such guidelines.

I am also not aware of any other field in which a 34 item list of mandatory minimum reporting items exists.

If anything, I would suggest 5-10 recommended items to report instead of an extensive list that wants to be authoritative.

=====

I don't expect them to follow all of them - it may be too many at this point. Some are already frequently reported, but I am not sure about all of them. The field is so diverse and SNA has already so much to explain in a publication that I am afraid reserachers would have to choose what is relevant and worth to use space for 

=====

Depending on the context, the authors may be expected to provide some details in their manuscripts, and may also be asked to provide the missing details if necessary, but they cannot be forced to use a single template for reporting details. Of course the manuscript may consequently be rejected, and for various reasons, including if the results are deemed to be irreproducible. But the reasons are rather context-dependent and part of the peer review process. I cannot imagine forcing the researchers who study, say, some graph spectral property to report the mean degree of their network (unless they find it important). It is also not clear what role the compliance with the guidelines should play in the acceptance/rejection decision of the manuscript.

=====

To be honest, this is great, but it is too long, and don't expect people to fill it in thoroughly. 
Also, sometimes publications (esp. in conferences) have page limit (even in the appendix), thus, this will easily be cut out.

If we really want to push this as a good practice, we should also provide the tools to make researchers' life easier. For example, an AI assistant that helps me generate this table. With a few simple questions about my data, it can generate the full table. Then, show it to the researcher for review, and the provide the report as csv, latex, html, etc.

Also, once this works. We can make alliances with repositories (like OSF, figshare, nature scientific data) to use this form when sharing network data.

=====

I've made many comments to that end that I won't summarise here. I will say that this document has conflated best practice and minimum reporting. I don't want to spell out all the edge cases, but I would much prefer a stable smaller set of absolute standards with some additional best practices. The reality is that some claims may be made without some of the details asked of herein and to that end, we wouldn't want to take them all as mandatory, even if some are highly expected and some we would consider mandatory. 

=====

As a Sociologist who works on mostly substantial (rather than methodological) issues, I can think of many studies which show network data where it's not necessary for this level of detail to be provided. This would include egonet studies where the data is not made publicly available. 

I think all papers making a methodological contribution (or using simulated data) should follow the guidelines, but not all papers do that. I think Social Networks, Network Science etc. should make it a condition for being able to submit, but I don't think discipline-specific journals should instance on it in every case.

=====

Depends on the type of analysis done. When using real-world network data described in detail elsewhere to evaluate a new algorithm / method (especially for scalability/performance evaluation), I would expect a more concise version of the network description (at minimum categories 1-4). Then I would expect the rest of the categories to always be reported in detail, if they can influence algorithm behaviour. 

=====

This being part of the submission process. But the questionnaire would have to be swiftly developed so that by selecting already some characteristics, the questions about the others wouldn't be asked. We would have to trust the authors that all information not present is because it doesn't apply. 

=====

I would say: ""Recommend, but don't enforce."" If we see these as a rigid checklist, we  risk penalizing good work that doesn't fit the template or ""constitution"" of sorts that we are developing. Network science is often studying unconventional systems with unconventional approaches, and I would hate to see a ""checklist"" that everyone has to follow. 

=====

It would depend on the journal."
"other",28,0,82,"I suggest that a description of the degree distribution be mandatory.  This could take the form of a histogram or other ways of describing a distribution.

=====

For temporal networks, it is important to specify the temporal granularity of the observation. In some cases, temporal networks are reported as collections of snapshots, while still preserving fine-grained temporal information as an edge attribute (e.g., timestamps), allowing the network to also be modeled as a stream graph.

=====

I would like something about clustering, like transitivity?

=====

Data collection tool may be informative to report (Qualtrics, Network Canvas, RedCap, Interview etc.). 

=====

I think the node attributes should be reported, if they are being used in the study. E.g. if we are looking at information sharing between town councils, we should know that the nodes contain the following information: TownCouncilName, NumberofMembers, ChairName. 

=====

Name generators, and edge generators (that ask ties between alters in ego network survey).

=====

If there are any relevant nodal attributes? 

=====

One possible addition could be brief guidance on reporting how the network boundary was operationalised in practice, particularly when nodes are identified from institutional records or publicly available sources. Clarifying this could help improve transparency in studies where network datasets are constructed from documentary or administrative information.

=====

Node attributes. If I recall correctly, they were in the previous version, so naming attributes and providing their brief descriptives (avg, SD, range for numeric ones; distribution tables for categorical ones) should be included in my opinion.

=====

Nothing is missing, but there is still some redundancy.

=====

Something about the component sizes. Maybe largest component size or number of components?

=====

Density, Connectedness, Degree Distribution, and Software Versions

=====

If nodes are characterised by attributes, and these are used in the analysis, descriptive stats of attributes' distribution should be included (e.g. n. of M/F, average age, etc.).

=====

As mentioned, the guidelines do not address continuous-time temporal network data, such as relational event data.

=====

Yes. It is essential to report the specific software or tool used to generate the network and its metrics (e.g., Gephi, UCINET, R/igraph). Different platforms may implement algorithms differently, and documenting the tool ensures the study's reproducibility and technical transparency.

=====

What I miss here is contextualizing info about why and how data set came into existence, what was the purpose and context of data collection / synthetic data generation. Aspect ""1.3 System"" gets closest to this, but remains too data focused. 

=====

Well, not entirely sure here, but I mention it just the same: whenever I've submitted work in which I've gathered the network data myself, reviewers have always asked for the criteria I used for determining network boundary, e.g. as described by Marsden for example....

=====

There may be cases where self-loops may need to be removed, as they would constitute noise in the dataset, especially when advanced structural and probabilistic models of the network are being built. 

These actions may need to be reported as well.

=====

You are missing a few components:

- whether the data is biased (one could infer this from the boundary and missingness points, but reporting this explicitly is better to make sure the ones using the data know about these biases. eg. which subpopulations are missing? why?)

- funding behind the data collection or work (this can also biased the data collection)

- under transformations, I think we can add an item to describe ""induced graphs"" - which are not the same as ""(un)bounded complete graphs"" which only relate to a subset of nodes. What about the edges of that subset of nodes? 


=====

What about multilayer networks which are not multiplex? I understand by multiplex thode having the same number of nodes in all layers. But multilayer can be taken more general and being any kind of nodes in different layers, and there is no correspondence one to one. Perhaps it has been taken into account and I have just missed. In this case just ognore my comment.

=====

I think the current guidelines are already pretty good for static or longitudinal networks. However, they seem to not cover well the case of relational events. It is also the case for directed hypergraphs, although these are much more niche. It was not clear to me whether these types of data are intentionally ignored for now. I would find it great if the guidelines could have specific recommendations for event data. 

=====

There needs to be something that indicates that indicate whether the ties are voluntary. e.g., if A and B were on the same team 3 times, was it because of choice or were they assigned to the teams by mgt?


=====

Types of networks included in the dataset(s), not just those analyzed in the submission.
Information about non-participants (when available).

=====

As I already mentioned, I would add the item Other at the end of all lists.
I think that the lists are almost complete, but we probably missed something. The Guidelines should be applied to different cases of networks.

=====

This may have been discussed by the group, as well, I am not sure it is something that should 'always' be reported, as that would depend on context.  However, centralization indices would be a meaningful structural feature to add to the list.

=====

time frame window that defines the edge relationships

=====

In belief networks built through survey data, researchers should report choices of thresholds, inclusion/exclusion, defining beliefs/nodes, and ties, as well as relevant information about survey data collection. This may apply to other types of non-social networks.

=====

Sec 3: New item: Multigraph: Where a given pair (or set, if hypergraph) of nodes may be connected by multiple edges of the same type (so not multiplex) that may have distinct weights or other attributes (so can't be summarised into count edge weights), report this and describe the network as a multigraph. (This text may need to be edited.)

Sec 6: New item: Noise masking
Guideline: If any edges, nodes, or their attributes had been stochastically perturbed, report the probability distributions according to which they were perturbed.
Notes: Statistical techniques can be used to adjust for noise-masking. (Karwa, Krivitsky, and Slavkovic 2017, for example.)

Sec 7: Either as a part of 7.2 or in its own item, edge weight distribution."
"comments",0,0,0,"Add in the last page a ""checklist"" format that allow researchers describe if the item was disclosed and in which page/table the information is located. This checklist could be requested as supplementary material.

=====

Thank you for putting together these guidelines.  One idea the guidelines sparked was that perhaps this description, added to the network data itself (e.g. set of nodes and edge list) should be separated into its own (micro)publication.  The micropublication would have strict formatting requirements and automatic acceptance if the requirements were met.  The intended goal is speed to network data as public good.  In the event one puts together a useful network dataset over one summer, but knows that it will be the end of the next summer before analysis is complete, then it would be useful to publish and share the network data in isolation.

=====

I like the whole thing a lot, and I find it very complete. My main issues are with section 7 as it asks for things researchers may not know or care to compute

=====

I think the guidelines would be more helpful with an additional column for 'resources'.
E.g., on the hypergraphs a reference to Lerner and Lomi, for the missings, a reference to the papers my Smith and Moody, Huisman, Krause, Kossinets,
etc...
This way newer researchers find more detailed guidance easier.

=====

I think that GRAND in the state just presented is easily included as an appendix for journal submissions. However, some journals limit the number of appendices included for a manuscript. Journals more familiar with network data may recognize the utility of GRAND reporting to where inclusion of this information might not count toward an appendix limit. But scholars publishing in journals less familiar with network studies may find the inclusion of a GRAND appendix to be a constraint.

=====

Wonderful, thank you!

=====

Thanks for working on this. I do think it is very helpful for the networks community.

=====

EXCELLENT DRAFT. 

=====

I enjoyed this, thanks. If you publish these guidelines as a manuscript, I imagine the readers would appreciate a few little images :). Thanks for including me and I like this idea a lot.

=====

The notes in this version are very useful for illustrating each section. Congratulations on the work.

=====

I cannot for the life of me imagine anyone ever using these.  

=====

These are awesome guidelines!

=====

I appreciate the guideline. When I collaborate with colleagues on social network research in very remote areas, such as small-scale societies and hunter-gatherer groups, I often encounter situations where the data collection method and the network structure are interpreted differently. For example, even though researchers collect the data in a way that resembles an ego network, such as asking the household head to name people, the resulting data can actually represent a whole network at the household level with a clear village boundary. Because this distinction is not always clearly reported, some ties may appear to be missing. In those moments, I feel that having clearer guidelines is very necessary. At the same time, researchers still need to adapt these guidelines to their own research contexts.

=====

All items are one word. But this makes some items difficult to understand. Say 'plex'. After thinking about 3 seconds, I did understand it. But if somebody is not knowledgeable about multiplex networks or the difference between the notion of multiplex networks and multilayer networks, they would not understand it (both researchers uploading data and others reading papers/your websites).

=====

I'm learning a lot through this process, thank you Zak!

=====

Maybe it would help to have a simple example for each of the 7 sub-sections of the guidelines? or for the whole guidelines? e.g. a table and/or a text; i.e. for a simple network, how this would look like and could be reported. In general, I agree with the guidelines, but I would try to make it even more concise (particularly for simple network cases and wider pickup of the guildelines). There are a lot of special cases reported and this could be simplified.

=====

One possible improvement would be to ensure greater consistency in the use of citations across the guidelines. Some items include references while others do not, and providing citations more consistently could help readers identify the methodological sources supporting the recommendations. In addition, the guidelines could include more examples from organisational or collaborative network settings, which would help illustrate how the reporting items apply beyond the commonly cited social or ecological network contexts.

=====

Since the guidelines mention reporting in a table, there could be an appendix in the guidelines showing such table and its accompanying methods section text. If this seems liek making the guidelines too long and thus potentially demotivating researchers from using them, there could just be a link to an online version of such example based on some classic study (Padget's & Ansell's Florentine families, Krackhardt's high-tech managers...).

=====

system. type (signed, binary, weighted, directed, bipartite, tripartite, multiplex, multilayer), node meaning, link meaning, N, L, (Temporal, os static). And then Metadata

=====

I think this is a great initiative! 

=====

The notes column could use some editing for consistency. In some cases, you define the metric with an example without saying “for example” while other times you lead with “for example” then state what to do exactly. See the notes section of 2.1 and 2.2 for an example of what I mean.

=====

These guidelines are looking awesome!

=====

Could the NSF provide an R script that would prepare this report in a formatted way for each dataset?

=====

I understand that the guide needs to be concise for widespread use; however, I believe there should be a specific section offering basic guidelines on how social networks should be visually represented, in line with what is described in relevant articles: Freeman, L. C. (2000). Visualizing social networks. Journal of social structure, 1(1), 4. Or at least refer users of the guide to this type of research. Visual representation is a key aspect of social networking and is omitted from this guide. Thank you for giving me the opportunity to review the guide early, and thank you for the excellent work you are doing. 
Best regards,
---
Ignacio Ramos-Vidal

=====

It would be great if together with this initiative, you could create an archive of all the data that follow these rules

=====

-

=====

Great work!

=====

Possibly, requesting additional details about the data used (e.g., for genetic data, details about data types, file types, processing performed to yield the data in the network, etc.) could be informative, but this could be an optional suggestion.

=====

Thanks for taking this on--I think it will be a big help for the field!

=====

Perhaps provide a reference to quote the guidelines in papers? this would help their circulation and to make them become a standard for (S)NA papers

=====

Thank you for your efforts on this matter. This is a critical issue, and I appreciate you prioritizing it.

=====

Several network statistics are included, but I am missing clusteriong coefficient? Why is it not included?

Although labelled as ""minimal"", I think the requirements are still quite extensive. Could there be tires of, say, core and extended items?

There are a lot of conditional items (if signed then..., if multimode then...). Maybe add a decision tree as visual guide?

Include an example report as table



=====

Very clear and accessible guidelines - great work.

=====

Thanks for all your Herculean efforts!!!

=====

The instruction ""describe the final network(s) upon which analyses are performed"" contradicts Section 6 ""Transformations"". So either the instruction or Section 6 should be deleted.

=====

I’ve been thinking about a few ways we could improve this:
1. Add a ""Example"" column: Including a detailed, real-world case would help clarify some of the trickier reporting requirements.
2. Create a decision tree: A simple flow chart would make it much easier for everyone to determine exactly what needs to be reported and avoid missing key details.
3. Re-evaluate the reporting order: While the current items are well-clustered by topic, there’s some overlap that can be confusing. We might want to reorder them to create a more logical flow and reduce ""crossover."". 

=====

The guidelines could present a 'model table' showing the essential information to be reported in an article. 

=====

.

=====

Very good work of quality control faacilitation! Thank you very much for your efforts for our community!

=====

Great work! 

=====

This has been a fantastic effort. It looks great. 

=====

Well-done with the work on streamlining network research!

=====

feedback for the survey: add breadcrumbs (progress) to know what else is coming next. After section 7, I wanted to add more feedback, and wasn't sure if I should have added it under the respective group (eg. adding induced subgraph under ""6. transformations"") or later under ""other feedback"" - so I was worried I would not be able to provide additional feedback :-) In the beginning you only mentioned there are 7 sections (aligned with the draft).

=====

I would kindly suggest that they review these guidelines and apply them at the next opportunity, but I would not hold up a first submission nor reject at first round if they were NOT followed. It could be a ""do before final acceptance/publication"" task, like formatting to a journal's typeset standard.

=====

Thanks for making it.

=====

Compliments on processing the feedback from earlier rounds, it has improved a lot. --Frank Takes

=====

Congratulations for the work done!!!!!

=====

In general, Sec. 7 (but not only this one) require a lot of information. I'd like to reiterate my remark from the beginning -- this level of detail is required when analyzing data, but not necessarily when evaluating an algorithm (in particular in terms of running time). Explicit page limits in publications pose an additional difficulty. One may want to keep this in mind. The ""minimum"" requirements are quite demanding in my opinion -- again, understandable if particular data are to be analyzed. Not so much when existing benchmark data are used to assess algorithms.

=====

Just a quick note on 5.2. --> duplication of ""because"" in Notes.
Also under 'method' , ""documents"" could be included as not all docs are 'archival'

=====

It might also be good to mention explicitly that the reporting of information on node-level, dyadic, or system-level covariates is not treated here.

=====

Would have liked examples of work that conform to this, a template, or some other guidance. 

The guideance should also be more sensibly structured into core and 'network-type-specific'. As noted previously, describing plex before defining edge type seems redundant. Overall, it is not as usable as I would like and it does consider simplicial complexes / higher order networks, which means that we are planning for the past more than the future. 

=====

The guidelines are clear and are an important contribution to network science.

=====

I will be using these in my Masters level SNA module in future year. They give a nice template for explaining a lot of ideas and terms from network analysis in a very accessible way. I don't think that's the intention of these, but they offer a great opportunity to teach people about SNA.

=====

It should be made clear that the answers to these questions need not be in the form of point-by-point responses to questions. We are not looking to increase the level of bureaucratic rigamarole needed to submit a paper.  It could be integrated in narrative form. While the specific questions are valuable, I think it would also be valuable to articulate larger principles like ""put yourself in the shoes of your reader. what do they need to know to evaluate your study or to replicate it"". If we have a se of do's and don'ts, they should be illustrative. It's the underlying principles that we want to propagate. 

=====

These guidelines would be excellent for increasing transparency, but my three overarching concerns are 1) how much length they would add to a manuscript 2) even if included as a table, how much fodder they give to reviewers (particularly novice network reviewers) to pull focus from the core of a manuscript, and 3) how accessible they will be to novice network scholars (the notes help with this somewhat).

=====

I think this is a terrific idea. I would advocate for asking journals to ALWAYS publish the entire table, regardless of whether it is complete or not, so that it becomes a true standard. Allowing scientists to weave the content into the main manuscript is alright, but it is not a standard, I would argue. Instead, I think we can all do both: fill the table and then get whatever we need from it to include in the main text. It is a useful exercise for scientists and will make the implementation of the standard stronger and more useful to writers. Thinking out loud, there could be even an R package + Python library that could take your networks and populate this table (would love to participate in a project like that); that would make adoption significantly easier (and fun!).

=====

The Guidelines could be extended with some standard options for answers to some items. In the network description, we use the keyword. For example, network description formats and licenses.

=====

I would recommend strengthening the guidelines by explicitly incorporating reproducibility standards, including reporting of data, code, software, and version details, to enable others to replicate the analyses. It would also be helpful to include clearer guidance on network construction decisions (e.g., thresholds, aggregation, and filtering), as these choices can meaningfully shape the resulting network. Finally, adding a concise checklist table summarizing the key reporting items would improve usability and make it easier for authors, reviewers, and editors to apply the guidelines consistently; this checklist could be recommended or optional for authors to include in their manuscript, rather than mandated.

=====

There is a lot of notation and terminology in the document.  I suggested removing notation throughout, but if it is kept it would help to have a supplement that defines the notation.  Similarly, it would help to have a glossary with resources to define some of the terminology used throughout - for example, a component, connectedness, etc. 

=====

The underlining isn't super helpful to me. I'd prefer bolded text.

=====

I'm curious about other efforts I've heard about to create archives specifically for network datsets and related knowledge objects and how these guidelines intersect with the fields/domains those tools capture. It would be great to see alignment (where appropriate) to make it easy to reuse and track datasets across papers. 

=====

Thanks for the revised guidelines, they read much clearer!
Would be excited to help with the next version and write-up as needed.

=====

I think that most of the time Structure is actually the most important one. I understand why it comes last, but maybe it could be moved after the edges?

=====

This is very well done. Greatly appreciate your time and effort to contribute to the field. "
